Benchmark_Suite,Suite,Stratification,Method,N_Trials,TopChoice_Rate (%),CompleteRank_Rate (%),KendallTau_Median,KendallTau_IQR,SpearmanRho_Median,SpearmanRho_IQR,FalseSuperiority_Median (%),FalseSuperiority_IQR (%),RankDisplacement_Median (Ranks),RankDisplacement_IQR (Ranks),TopChoiceRankRegret_Median (Ranks),TopChoiceRankRegret_IQR (Ranks),CompensatoryError_Rate (%)
Core Benchmark (Grand Pooled),Core,"All Standard Conditions (N: 10-14, n: 25-100, noise: 2-10%)",HERA,1500,87.7,27.7,0.939,0.133,0.986,0.048,3.03,6.67,0.33,0.71,0.0,0.0,
Core Benchmark (Grand Pooled),Core,"All Standard Conditions (N: 10-14, n: 25-100, noise: 2-10%)",TOPSIS,1500,99.7,12.3,0.879,0.137,0.964,0.065,6.06,6.87,0.57,0.66,0.0,0.0,
Core Benchmark (Grand Pooled),Core,"All Standard Conditions (N: 10-14, n: 25-100, noise: 2-10%)",Borda,1500,40.6,0.0,0.56,0.142,0.741,0.118,21.98,7.09,1.86,0.69,1.0,1.0,40.7
Core Benchmark (Grand Pooled),Core,"All Standard Conditions (N: 10-14, n: 25-100, noise: 2-10%)",Wilcoxon-Copeland,1500,68.3,0.0,0.73,0.107,0.83,0.072,13.48,5.37,1.33,0.33,0.0,1.0,65.7
Core Scale (N = 10 Candidates),Core,Candidate Set N = 10,HERA,500,89.4,36.6,0.956,0.133,0.988,0.048,2.22,6.67,0.2,0.6,0.0,0.0,
Core Scale (N = 10 Candidates),Core,Candidate Set N = 10,TOPSIS,500,99.6,21.6,0.911,0.133,0.976,0.048,4.44,6.67,0.4,0.4,0.0,0.0,
Core Scale (N = 10 Candidates),Core,Candidate Set N = 10,Borda,500,40.0,0.0,0.6,0.133,0.77,0.109,20.0,6.67,1.6,0.4,1.0,1.0,19.4
Core Scale (N = 10 Candidates),Core,Candidate Set N = 10,Wilcoxon-Copeland,500,67.6,0.0,0.733,0.133,0.842,0.085,13.33,6.67,1.2,0.4,0.0,1.0,35.2
Core Scale (N = 12 Candidates),Core,Candidate Set N = 12,HERA,500,88.2,28.4,0.939,0.121,0.986,0.044,3.03,6.06,0.33,0.67,0.0,0.0,
Core Scale (N = 12 Candidates),Core,Candidate Set N = 12,TOPSIS,500,99.6,11.0,0.879,0.121,0.965,0.056,6.06,6.06,0.5,0.5,0.0,0.0,
Core Scale (N = 12 Candidates),Core,Candidate Set N = 12,Borda,500,40.0,0.0,0.576,0.152,0.741,0.105,21.21,7.58,1.83,0.5,1.0,1.0,43.6
Core Scale (N = 12 Candidates),Core,Candidate Set N = 12,Wilcoxon-Copeland,500,70.4,0.0,0.727,0.091,0.832,0.063,13.64,4.55,1.33,0.33,0.0,1.0,73.2
Core Scale (N = 14 Candidates),Core,Candidate Set N = 14,HERA,500,85.4,18.0,0.912,0.132,0.978,0.044,4.4,6.59,0.57,0.71,0.0,0.0,
Core Scale (N = 14 Candidates),Core,Candidate Set N = 14,TOPSIS,500,99.8,4.4,0.868,0.154,0.952,0.075,6.59,7.69,0.86,0.71,0.0,0.0,
Core Scale (N = 14 Candidates),Core,Candidate Set N = 14,Borda,500,41.8,0.0,0.538,0.132,0.723,0.114,23.08,6.59,2.29,0.57,1.0,1.0,59.0
Core Scale (N = 14 Candidates),Core,Candidate Set N = 14,Wilcoxon-Copeland,500,67.0,0.0,0.736,0.088,0.824,0.066,13.19,4.4,1.43,0.43,0.0,1.0,88.6
Cohort Sample Size (n = 25),Sample Size Sensitivity,Cohort Size n = 25 (at N = 12),HERA,300,97.0,14.7,0.923,0.066,0.979,0.028,3.85,3.3,0.4,0.37,0.0,0.0,
Cohort Sample Size (n = 25),Sample Size Sensitivity,Cohort Size n = 25 (at N = 12),TOPSIS,300,100.0,3.7,0.879,0.088,0.964,0.041,6.06,4.4,0.6,0.43,0.0,0.0,
Cohort Sample Size (n = 25),Sample Size Sensitivity,Cohort Size n = 25 (at N = 12),Borda,300,44.3,0.0,0.556,0.154,0.745,0.137,22.22,7.69,1.83,0.79,1.0,1.0,43.0
Cohort Sample Size (n = 25),Sample Size Sensitivity,Cohort Size n = 25 (at N = 12),Wilcoxon-Copeland,300,63.0,0.0,0.727,0.069,0.82,0.057,13.64,3.43,1.33,0.23,0.0,1.0,69.7
Cohort Sample Size (n = 50),Sample Size Sensitivity,Cohort Size n = 50 (at N = 12),HERA,100,100.0,51.0,1.0,0.03,1.0,0.007,0.0,1.52,0.0,0.17,0.0,0.0,
Cohort Sample Size (n = 50),Sample Size Sensitivity,Cohort Size n = 50 (at N = 12),TOPSIS,100,100.0,6.0,0.909,0.061,0.972,0.021,4.55,3.03,0.42,0.17,0.0,0.0,
Cohort Sample Size (n = 50),Sample Size Sensitivity,Cohort Size n = 50 (at N = 12),Borda,100,38.0,0.0,0.576,0.121,0.748,0.114,21.21,6.06,1.83,0.54,1.0,1.0,41.0
Cohort Sample Size (n = 50),Sample Size Sensitivity,Cohort Size n = 50 (at N = 12),Wilcoxon-Copeland,100,63.0,0.0,0.758,0.061,0.839,0.037,12.12,3.03,1.17,0.17,0.0,1.0,70.0
Cohort Sample Size (n = 100),Sample Size Sensitivity,Cohort Size n = 100 (at N = 12),HERA,300,100.0,63.0,1.0,0.022,1.0,0.004,0.0,1.1,0.0,0.14,0.0,0.0,
Cohort Sample Size (n = 100),Sample Size Sensitivity,Cohort Size n = 100 (at N = 12),TOPSIS,300,100.0,25.7,0.956,0.061,0.991,0.018,2.2,3.03,0.2,0.33,0.0,0.0,
Cohort Sample Size (n = 100),Sample Size Sensitivity,Cohort Size n = 100 (at N = 12),Borda,300,44.7,0.0,0.576,0.121,0.745,0.098,21.21,6.06,1.83,0.61,1.0,1.0,42.7
Cohort Sample Size (n = 100),Sample Size Sensitivity,Cohort Size n = 100 (at N = 12),Wilcoxon-Copeland,300,51.3,0.0,0.758,0.047,0.846,0.036,12.09,2.34,1.2,0.19,0.0,1.0,58.0
Effect Sensitivity (Small),Effect Magnitude Sensitivity,"Small Effect (Delta = 2.5%, d ~ 0.25)",HERA,100,100.0,5.0,0.909,0.061,0.969,0.028,4.55,3.03,0.5,0.17,0.0,0.0,
Effect Sensitivity (Small),Effect Magnitude Sensitivity,"Small Effect (Delta = 2.5%, d ~ 0.25)",TOPSIS,100,100.0,4.0,0.909,0.038,0.979,0.021,4.55,1.89,0.5,0.17,0.0,0.0,
Effect Sensitivity (Small),Effect Magnitude Sensitivity,"Small Effect (Delta = 2.5%, d ~ 0.25)",Borda,100,41.0,0.0,0.576,0.121,0.738,0.112,21.21,6.06,1.92,0.5,1.0,1.0,52.0
Effect Sensitivity (Small),Effect Magnitude Sensitivity,"Small Effect (Delta = 2.5%, d ~ 0.25)",Wilcoxon-Copeland,100,73.0,0.0,0.727,0.061,0.832,0.063,13.64,3.03,1.33,0.17,0.0,1.0,65.0
Effect Sensitivity (Medium),Effect Magnitude Sensitivity,"Medium Effect (Delta = 5.0%, d ~ 0.50)",HERA,100,100.0,51.0,1.0,0.03,1.0,0.007,0.0,1.52,0.0,0.17,0.0,0.0,
Effect Sensitivity (Medium),Effect Magnitude Sensitivity,"Medium Effect (Delta = 5.0%, d ~ 0.50)",TOPSIS,100,100.0,6.0,0.909,0.061,0.972,0.021,4.55,3.03,0.42,0.17,0.0,0.0,
Effect Sensitivity (Medium),Effect Magnitude Sensitivity,"Medium Effect (Delta = 5.0%, d ~ 0.50)",Borda,100,38.0,0.0,0.576,0.121,0.748,0.114,21.21,6.06,1.83,0.54,1.0,1.0,41.0
Effect Sensitivity (Medium),Effect Magnitude Sensitivity,"Medium Effect (Delta = 5.0%, d ~ 0.50)",Wilcoxon-Copeland,100,63.0,0.0,0.758,0.061,0.839,0.037,12.12,3.03,1.17,0.17,0.0,1.0,70.0
Effect Sensitivity (Large),Effect Magnitude Sensitivity,"Large Effect (Delta = 8.0%, d ~ 0.80)",HERA,100,100.0,57.0,1.0,0.03,1.0,0.007,0.0,1.52,0.0,0.17,0.0,0.0,
Effect Sensitivity (Large),Effect Magnitude Sensitivity,"Large Effect (Delta = 8.0%, d ~ 0.80)",TOPSIS,100,100.0,3.0,0.909,0.061,0.976,0.021,4.55,3.03,0.5,0.17,0.0,0.0,
Effect Sensitivity (Large),Effect Magnitude Sensitivity,"Large Effect (Delta = 8.0%, d ~ 0.80)",Borda,100,38.0,0.0,0.576,0.121,0.741,0.112,21.21,6.06,1.83,0.5,1.0,1.0,37.0
Effect Sensitivity (Large),Effect Magnitude Sensitivity,"Large Effect (Delta = 8.0%, d ~ 0.80)",Wilcoxon-Copeland,100,63.0,0.0,0.758,0.061,0.839,0.021,12.12,3.03,1.17,0.17,0.0,1.0,76.0
Correlation Sensitivity (rho = 0.0),Correlation Sensitivity,Independent Criteria (rho = 0.0),HERA,100,100.0,51.0,1.0,0.03,1.0,0.007,0.0,1.52,0.0,0.17,0.0,0.0,
Correlation Sensitivity (rho = 0.0),Correlation Sensitivity,Independent Criteria (rho = 0.0),TOPSIS,100,100.0,6.0,0.909,0.061,0.972,0.021,4.55,3.03,0.42,0.17,0.0,0.0,
Correlation Sensitivity (rho = 0.0),Correlation Sensitivity,Independent Criteria (rho = 0.0),Borda,100,38.0,0.0,0.576,0.121,0.748,0.114,21.21,6.06,1.83,0.54,1.0,1.0,41.0
Correlation Sensitivity (rho = 0.0),Correlation Sensitivity,Independent Criteria (rho = 0.0),Wilcoxon-Copeland,100,63.0,0.0,0.758,0.061,0.839,0.037,12.12,3.03,1.17,0.17,0.0,1.0,70.0
Correlation Sensitivity (rho = 0.5),Correlation Sensitivity,Correlated Criteria (rho = 0.5),HERA,100,100.0,52.0,1.0,0.03,1.0,0.007,0.0,1.52,0.0,0.17,0.0,0.0,
Correlation Sensitivity (rho = 0.5),Correlation Sensitivity,Correlated Criteria (rho = 0.5),TOPSIS,100,100.0,2.0,0.909,0.091,0.965,0.042,4.55,4.55,0.5,0.33,0.0,0.0,
Correlation Sensitivity (rho = 0.5),Correlation Sensitivity,Correlated Criteria (rho = 0.5),Borda,100,50.0,0.0,0.545,0.091,0.734,0.077,22.73,4.55,2.0,0.33,0.5,1.0,34.0
Correlation Sensitivity (rho = 0.5),Correlation Sensitivity,Correlated Criteria (rho = 0.5),Wilcoxon-Copeland,100,69.0,0.0,0.758,0.03,0.839,0.037,12.12,1.52,1.25,0.17,0.0,1.0,71.0
