Candidates_N,Candidate,True_Rank,Ranking_Role,M1_True_Mean,M1_Simulated_Median,M1_Simulated_IQR,M1_Simulated_Q1,M1_Simulated_Q3,M2_True_Mean,M2_Simulated_Median,M2_Simulated_IQR,M2_Simulated_Q1,M2_Simulated_Q3,M3_True_Mean,M3_Simulated_Median,M3_Simulated_IQR,M3_Simulated_Q1,M3_Simulated_Q3
10,C1,1,True Rank 1: Multi-Criteria Leader (M2 margin over C2 by Delta+7.0%),78.5,78.5,5.36,75.83,81.19,87.0,87.01,5.4,84.29,89.69,80.0,79.99,5.4,77.28,82.68
10,C2,2,"True Rank 2: Primary Metric Leader (Highest M1=80.0%, baseline M2/M3)",80.0,80.03,5.4,77.3,82.7,80.0,80.02,5.38,77.29,82.67,80.0,80.04,5.36,77.36,82.72
10,C3,3,True Rank 3: Secondary Criterion Margin (M2 margin over C4/C5 by Delta),76.0,75.99,5.42,73.26,78.68,80.0,79.99,5.42,77.31,82.73,80.0,79.98,5.38,77.29,82.67
10,C4,4,True Rank 4: Tertiary Criterion Margin (M3 margin over C5 by Delta),77.5,77.5,5.36,74.82,80.18,75.0,74.99,5.39,72.31,77.71,85.0,84.98,5.34,82.32,87.66
10,C5,5,True Rank 5: Multi-Criteria Baseline (Baseline M1-M3),77.5,77.52,5.41,74.84,80.25,75.0,75.0,5.41,72.28,77.69,80.0,79.99,5.38,77.27,82.65
10,C6,6,"True Rank 6: Monotonic Baseline Step (Descending M1 gradient, baseline M2/M3)",76.0,75.96,5.45,73.26,78.71,75.0,75.02,5.37,72.33,77.7,80.0,79.98,5.38,77.3,82.67
10,C7,7,"True Rank 7: Monotonic Baseline Step (Descending M1 gradient, baseline M2/M3)",74.0,73.99,5.39,71.3,76.69,75.0,75.04,5.42,72.32,77.74,80.0,80.01,5.36,77.29,82.66
10,C8,8,"True Rank 8: Monotonic Baseline Step (Descending M1 gradient, baseline M2/M3)",72.0,72.06,5.37,69.32,74.69,75.0,75.01,5.39,72.3,77.69,80.0,79.97,5.42,77.28,82.7
10,C9,9,"True Rank 9: Monotonic Baseline Step (Descending M1 gradient, baseline M2/M3)",70.0,70.05,5.38,67.35,72.73,75.0,75.0,5.38,72.32,77.7,80.0,80.0,5.41,77.3,82.71
10,C10,10,"True Rank 10: Asymmetric Multi-Criteria Profile (M2 deficit: 60.0%, elevated M3: 99.0%)",75.0,75.0,5.44,72.27,77.71,60.0,60.01,5.36,57.33,62.69,99.0,98.99,5.45,96.28,101.72
12,C1,1,True Rank 1: Multi-Criteria Leader (M2 margin over C2 by Delta+7.0%),78.5,78.51,5.38,75.83,81.21,87.0,86.98,5.37,84.33,89.7,80.0,79.98,5.38,77.29,82.67
12,C2,2,"True Rank 2: Primary Metric Leader (Highest M1=80.0%, baseline M2/M3)",80.0,80.02,5.41,77.32,82.74,80.0,80.01,5.44,77.29,82.73,80.0,80.01,5.42,77.27,82.7
12,C3,3,True Rank 3: Secondary Criterion Margin (M2 margin over C4/C5 by Delta),76.0,75.99,5.41,73.3,78.71,80.0,80.0,5.47,77.25,82.72,80.0,79.97,5.41,77.27,82.68
12,C4,4,True Rank 4: Tertiary Criterion Margin (M3 margin over C5 by Delta),77.5,77.48,5.41,74.78,80.19,75.0,75.03,5.4,72.34,77.74,85.0,85.03,5.39,82.32,87.71
12,C5,5,True Rank 5: Multi-Criteria Baseline (Baseline M1-M3),77.5,77.53,5.41,74.81,80.22,75.0,74.99,5.36,72.29,77.65,80.0,80.01,5.38,77.32,82.7
12,C6,6,"True Rank 6: Monotonic Baseline Step (Descending M1 gradient, baseline M2/M3)",76.0,76.03,5.41,73.32,78.73,75.0,75.03,5.4,72.3,77.7,80.0,79.97,5.38,77.28,82.66
12,C7,7,"True Rank 7: Monotonic Baseline Step (Descending M1 gradient, baseline M2/M3)",74.67,74.65,5.38,71.97,77.35,75.0,74.99,5.39,72.31,77.7,80.0,80.01,5.38,77.32,82.71
12,C8,8,"True Rank 8: Monotonic Baseline Step (Descending M1 gradient, baseline M2/M3)",73.33,73.36,5.35,70.67,76.02,75.0,75.01,5.46,72.28,77.74,80.0,80.02,5.48,77.24,82.72
12,C9,9,"True Rank 9: Monotonic Baseline Step (Descending M1 gradient, baseline M2/M3)",72.0,71.98,5.4,69.3,74.7,75.0,75.02,5.42,72.3,77.72,80.0,80.0,5.34,77.33,82.67
12,C10,10,"True Rank 10: Monotonic Baseline Step (Descending M1 gradient, baseline M2/M3)",70.67,70.66,5.39,67.96,73.36,75.0,75.01,5.38,72.32,77.7,80.0,80.01,5.41,77.31,82.72
12,C11,11,"True Rank 11: Monotonic Baseline Step (Descending M1 gradient, baseline M2/M3)",69.33,69.4,5.45,66.66,72.11,75.0,75.03,5.42,72.31,77.73,80.0,79.98,5.39,77.27,82.66
12,C12,12,"True Rank 12: Asymmetric Multi-Criteria Profile (M2 deficit: 60.0%, elevated M3: 99.0%)",75.0,74.97,5.39,72.3,77.69,60.0,59.99,5.35,57.32,62.67,99.0,99.0,5.37,96.3,101.67
14,C1,1,True Rank 1: Multi-Criteria Leader (M2 margin over C2 by Delta+7.0%),78.5,78.48,5.41,75.81,81.21,87.0,87.0,5.42,84.28,89.69,80.0,79.96,5.41,77.27,82.68
14,C2,2,"True Rank 2: Primary Metric Leader (Highest M1=80.0%, baseline M2/M3)",80.0,80.0,5.39,77.32,82.72,80.0,79.99,5.36,77.34,82.69,80.0,79.96,5.4,77.28,82.68
14,C3,3,True Rank 3: Secondary Criterion Margin (M2 margin over C4/C5 by Delta),76.0,75.95,5.37,73.28,78.65,80.0,79.97,5.42,77.26,82.68,80.0,79.98,5.38,77.33,82.71
14,C4,4,True Rank 4: Tertiary Criterion Margin (M3 margin over C5 by Delta),77.5,77.5,5.43,74.81,80.23,75.0,74.99,5.39,72.26,77.65,85.0,85.0,5.4,82.27,87.66
14,C5,5,True Rank 5: Multi-Criteria Baseline (Baseline M1-M3),77.5,77.5,5.44,74.8,80.24,75.0,74.97,5.4,72.27,77.67,80.0,79.99,5.36,77.34,82.7
14,C6,6,"True Rank 6: Monotonic Baseline Step (Descending M1 gradient, baseline M2/M3)",76.0,75.99,5.41,73.28,78.69,75.0,75.01,5.4,72.3,77.7,80.0,79.97,5.43,77.24,82.67
14,C7,7,"True Rank 7: Monotonic Baseline Step (Descending M1 gradient, baseline M2/M3)",75.0,75.01,5.38,72.35,77.73,75.0,75.0,5.4,72.3,77.71,80.0,79.98,5.41,77.27,82.68
14,C8,8,"True Rank 8: Monotonic Baseline Step (Descending M1 gradient, baseline M2/M3)",74.0,74.02,5.38,71.3,76.68,75.0,75.02,5.44,72.29,77.73,80.0,80.03,5.4,77.32,82.72
14,C9,9,"True Rank 9: Monotonic Baseline Step (Descending M1 gradient, baseline M2/M3)",73.0,73.01,5.37,70.32,75.69,75.0,75.02,5.37,72.33,77.71,80.0,80.0,5.41,77.29,82.7
14,C10,10,"True Rank 10: Monotonic Baseline Step (Descending M1 gradient, baseline M2/M3)",72.0,72.03,5.38,69.34,74.72,75.0,75.0,5.42,72.28,77.7,80.0,79.97,5.43,77.27,82.7
14,C11,11,"True Rank 11: Monotonic Baseline Step (Descending M1 gradient, baseline M2/M3)",71.0,71.06,5.39,68.33,73.72,75.0,75.01,5.43,72.27,77.7,80.0,79.99,5.41,77.31,82.72
14,C12,12,"True Rank 12: Monotonic Baseline Step (Descending M1 gradient, baseline M2/M3)",70.0,69.99,5.4,67.3,72.7,75.0,75.0,5.36,72.3,77.66,80.0,79.95,5.43,77.24,82.67
14,C13,13,"True Rank 13: Monotonic Baseline Step (Descending M1 gradient, baseline M2/M3)",69.0,68.99,5.39,66.31,71.7,75.0,75.01,5.37,72.33,77.7,80.0,80.0,5.37,77.32,82.69
14,C14,14,"True Rank 14: Asymmetric Multi-Criteria Profile (M2 deficit: 60.0%, elevated M3: 99.0%)",75.0,74.97,5.41,72.27,77.67,60.0,60.01,5.41,57.29,62.7,99.0,99.04,5.41,96.32,101.73
