Scenario,Metric,Method,N_Trials,Mean,Std,Median,IQR,Q1,Q3,CI95_Lower,CI95_Upper,Min,Max,Failure_Rate_Percent
Core_Grand_Pooled,TopChoice,HERA,1500,0.8767,0.3289,1.0,0.0,1.0,1.0,0.0,1.0,0.0,1.0,0.0
Core_Grand_Pooled,CompleteRank,HERA,1500,0.2767,0.4475,0.0,1.0,0.0,1.0,0.0,1.0,0.0,1.0,0.0
Core_Grand_Pooled,KendallTau,HERA,1500,0.9162,0.0821,0.9394,0.1333,0.8667,1.0,0.7333,1.0,0.5455,1.0,0.0
Core_Grand_Pooled,SpearmanRho,HERA,1500,0.9686,0.0389,0.986,0.0485,0.9515,1.0,0.8667,1.0,0.7063,1.0,0.0
Core_Grand_Pooled,FalseSuperiority,HERA,1500,0.0419,0.0411,0.0303,0.0667,0.0,0.0667,0.0,0.1333,0.0,0.2273,0.0
Core_Grand_Pooled,Regret,HERA,1500,-0.1717,0.5114,0.0,0.0,0.0,0.0,-1.5,0.0,-1.5,2.5,0.0
Core_Grand_Pooled,CompensatoryError,HERA,1500,0.0,0.0,0.0,0.0,0.0,0.0,0.0,0.0,0.0,0.0,0.0
Core_Grand_Pooled,RankDisplacement,HERA,1500,0.4203,0.3936,0.3333,0.7143,0.0,0.7143,0.0,1.2857,0.0,2.1667,0.0
Core_Grand_Pooled,TopChoiceRankRegret,HERA,1500,0.1267,0.3426,0.0,0.0,0.0,0.0,0.0,1.0,0.0,2.0,0.0
Core_Grand_Pooled,Observed_Cliffs_d_M1,HERA,1500,-0.186,0.1556,-0.174,0.2154,-0.288,-0.0726,-0.5032,0.11,-0.7192,0.2784,0.0
Core_Grand_Pooled,Observed_Cliffs_d_M2,HERA,1500,0.6433,0.2331,0.6184,0.369,0.4552,0.8242,0.2555,0.9984,0.0856,1.0,0.0
Core_Grand_Pooled,Observed_Delta_M1,HERA,1500,-1.4899,1.337,-1.4552,1.2883,-2.1294,-0.8411,-4.3001,1.6275,-7.0041,4.0961,0.0
Core_Grand_Pooled,Observed_Delta_M2,HERA,1500,7.0568,1.3006,7.0648,1.3607,6.3738,7.7345,4.2382,9.7211,1.6513,11.8584,0.0
Core_Grand_Pooled,Observed_Median_Cliffs_d,HERA,1500,0.4231,0.2218,0.3344,0.2711,0.2462,0.5173,0.1818,0.8606,0.1296,0.8912,0.0
Core_Grand_Pooled,TopChoice,TOPSIS,1500,0.9967,0.0577,1.0,0.0,1.0,1.0,1.0,1.0,0.0,1.0,0.0
Core_Grand_Pooled,CompleteRank,TOPSIS,1500,0.1233,0.3289,0.0,0.0,0.0,0.0,0.0,1.0,0.0,1.0,0.0
Core_Grand_Pooled,KendallTau,TOPSIS,1500,0.8745,0.0943,0.8788,0.1374,0.8182,0.9556,0.6703,1.0,0.4242,1.0,0.0
Core_Grand_Pooled,SpearmanRho,TOPSIS,1500,0.947,0.0542,0.9636,0.0648,0.9231,0.9879,0.8112,1.0,0.5664,1.0,0.0
Core_Grand_Pooled,FalseSuperiority,TOPSIS,1500,0.0627,0.0471,0.0606,0.0687,0.0222,0.0909,0.0,0.1648,0.0,0.2879,0.0
Core_Grand_Pooled,Regret,TOPSIS,1500,-0.005,0.0865,0.0,0.0,0.0,0.0,0.0,0.0,-1.5,0.0,0.0
Core_Grand_Pooled,CompensatoryError,TOPSIS,1500,0.0,0.0,0.0,0.0,0.0,0.0,0.0,0.0,0.0,0.0,0.0
Core_Grand_Pooled,RankDisplacement,TOPSIS,1500,0.612,0.4463,0.5714,0.6571,0.2,0.8571,0.0,1.5714,0.0,2.5714,0.0
Core_Grand_Pooled,TopChoiceRankRegret,TOPSIS,1500,0.0033,0.0577,0.0,0.0,0.0,0.0,0.0,0.0,0.0,1.0,0.0
Core_Grand_Pooled,Observed_Cliffs_d_M1,TOPSIS,1500,-0.186,0.1556,-0.174,0.2154,-0.288,-0.0726,-0.5032,0.11,-0.7192,0.2784,0.0
Core_Grand_Pooled,Observed_Cliffs_d_M2,TOPSIS,1500,0.6433,0.2331,0.6184,0.369,0.4552,0.8242,0.2555,0.9984,0.0856,1.0,0.0
Core_Grand_Pooled,Observed_Delta_M1,TOPSIS,1500,-1.4899,1.337,-1.4552,1.2883,-2.1294,-0.8411,-4.3001,1.6275,-7.0041,4.0961,0.0
Core_Grand_Pooled,Observed_Delta_M2,TOPSIS,1500,7.0568,1.3006,7.0648,1.3607,6.3738,7.7345,4.2382,9.7211,1.6513,11.8584,0.0
Core_Grand_Pooled,Observed_Median_Cliffs_d,TOPSIS,1500,0.4231,0.2218,0.3344,0.2711,0.2462,0.5173,0.1818,0.8606,0.1296,0.8912,0.0
Core_Grand_Pooled,TopChoice,Borda,1500,0.406,0.4912,0.0,1.0,0.0,1.0,0.0,1.0,0.0,1.0,0.0
Core_Grand_Pooled,CompleteRank,Borda,1500,0.0,0.0,0.0,0.0,0.0,0.0,0.0,0.0,0.0,0.0,0.0
Core_Grand_Pooled,KendallTau,Borda,1500,0.5602,0.0974,0.5604,0.1419,0.4945,0.6364,0.3626,0.7333,0.2444,0.8222,0.0
Core_Grand_Pooled,SpearmanRho,Borda,1500,0.7338,0.0872,0.7413,0.1181,0.6791,0.7972,0.5394,0.8788,0.2848,0.9394,0.0
Core_Grand_Pooled,FalseSuperiority,Borda,1500,0.2199,0.0487,0.2198,0.0709,0.1818,0.2527,0.1333,0.3187,0.0889,0.3778,0.0
Core_Grand_Pooled,Regret,Borda,1500,-0.3644,1.0969,0.0,1.5,-1.5,0.0,-1.5,2.5,-1.5,3.83,0.0
Core_Grand_Pooled,CompensatoryError,Borda,1500,0.4067,0.4914,0.0,1.0,0.0,1.0,0.0,1.0,0.0,1.0,0.0
Core_Grand_Pooled,RankDisplacement,Borda,1500,1.9223,0.4918,1.8571,0.6857,1.6,2.2857,1.0,2.8571,0.8,3.7143,0.0
Core_Grand_Pooled,TopChoiceRankRegret,Borda,1500,0.952,1.0837,1.0,1.0,0.0,1.0,0.0,3.0,0.0,6.0,0.0
Core_Grand_Pooled,Observed_Cliffs_d_M1,Borda,1500,-0.186,0.1556,-0.174,0.2154,-0.288,-0.0726,-0.5032,0.11,-0.7192,0.2784,0.0
Core_Grand_Pooled,Observed_Cliffs_d_M2,Borda,1500,0.6433,0.2331,0.6184,0.369,0.4552,0.8242,0.2555,0.9984,0.0856,1.0,0.0
Core_Grand_Pooled,Observed_Delta_M1,Borda,1500,-1.4899,1.337,-1.4552,1.2883,-2.1294,-0.8411,-4.3001,1.6275,-7.0041,4.0961,0.0
Core_Grand_Pooled,Observed_Delta_M2,Borda,1500,7.0568,1.3006,7.0648,1.3607,6.3738,7.7345,4.2382,9.7211,1.6513,11.8584,0.0
Core_Grand_Pooled,Observed_Median_Cliffs_d,Borda,1500,0.4231,0.2218,0.3344,0.2711,0.2462,0.5173,0.1818,0.8606,0.1296,0.8912,0.0
Core_Grand_Pooled,TopChoice,Wilcoxon-Copeland,1500,0.6833,0.4653,1.0,1.0,0.0,1.0,0.0,1.0,0.0,1.0,0.0
Core_Grand_Pooled,CompleteRank,Wilcoxon-Copeland,1500,0.0,0.0,0.0,0.0,0.0,0.0,0.0,0.0,0.0,0.0,0.0
Core_Grand_Pooled,KendallTau,Wilcoxon-Copeland,1500,0.7146,0.072,0.7303,0.1074,0.6703,0.7778,0.5556,0.8222,0.2889,0.8788,0.0
Core_Grand_Pooled,SpearmanRho,Wilcoxon-Copeland,1500,0.8174,0.0601,0.8303,0.0717,0.7832,0.8549,0.6768,0.9152,0.4545,0.9636,0.0
Core_Grand_Pooled,FalseSuperiority,Wilcoxon-Copeland,1500,0.1427,0.036,0.1348,0.0537,0.1111,0.1648,0.0889,0.2222,0.0606,0.3556,0.0
Core_Grand_Pooled,Regret,Wilcoxon-Copeland,1500,-0.3687,0.732,0.0,1.5,-1.5,0.0,-1.5,1.0,-1.5,2.5,0.0
Core_Grand_Pooled,CompensatoryError,Wilcoxon-Copeland,1500,0.6567,0.475,1.0,1.0,0.0,1.0,0.0,1.0,0.0,1.0,0.0
Core_Grand_Pooled,RankDisplacement,Wilcoxon-Copeland,1500,1.3409,0.2874,1.3333,0.3333,1.1667,1.5,0.8,2.0,0.6,2.7143,0.0
Core_Grand_Pooled,TopChoiceRankRegret,Wilcoxon-Copeland,1500,0.3973,0.6927,0.0,1.0,0.0,1.0,0.0,3.0,0.0,3.0,0.0
Core_Grand_Pooled,Observed_Cliffs_d_M1,Wilcoxon-Copeland,1500,-0.186,0.1556,-0.174,0.2154,-0.288,-0.0726,-0.5032,0.11,-0.7192,0.2784,0.0
Core_Grand_Pooled,Observed_Cliffs_d_M2,Wilcoxon-Copeland,1500,0.6433,0.2331,0.6184,0.369,0.4552,0.8242,0.2555,0.9984,0.0856,1.0,0.0
Core_Grand_Pooled,Observed_Delta_M1,Wilcoxon-Copeland,1500,-1.4899,1.337,-1.4552,1.2883,-2.1294,-0.8411,-4.3001,1.6275,-7.0041,4.0961,0.0
Core_Grand_Pooled,Observed_Delta_M2,Wilcoxon-Copeland,1500,7.0568,1.3006,7.0648,1.3607,6.3738,7.7345,4.2382,9.7211,1.6513,11.8584,0.0
Core_Grand_Pooled,Observed_Median_Cliffs_d,Wilcoxon-Copeland,1500,0.4231,0.2218,0.3344,0.2711,0.2462,0.5173,0.1818,0.8606,0.1296,0.8912,0.0
Core_N_10,TopChoice,HERA,500,0.894,0.3081,1.0,0.0,1.0,1.0,0.0,1.0,0.0,1.0,0.0
Core_N_10,CompleteRank,HERA,500,0.366,0.4822,0.0,1.0,0.0,1.0,0.0,1.0,0.0,1.0,0.0
Core_N_10,KendallTau,HERA,500,0.9194,0.0872,0.9556,0.1333,0.8667,1.0,0.7333,1.0,0.5556,1.0,0.0
Core_N_10,SpearmanRho,HERA,500,0.9658,0.0444,0.9879,0.0485,0.9515,1.0,0.8545,1.0,0.7333,1.0,0.0
Core_N_10,FalseSuperiority,HERA,500,0.0403,0.0436,0.0222,0.0667,0.0,0.0667,0.0,0.1333,0.0,0.2222,0.0
Core_N_10,Regret,HERA,500,-0.151,0.4734,0.0,0.0,0.0,0.0,-1.5,0.0,-1.5,2.5,0.0
Core_N_10,CompensatoryError,HERA,500,0.0,0.0,0.0,0.0,0.0,0.0,0.0,0.0,0.0,0.0,0.0
Core_N_10,RankDisplacement,HERA,500,0.3324,0.3419,0.2,0.6,0.0,0.6,0.0,1.105,0.0,1.4,0.0
Core_N_10,TopChoiceRankRegret,HERA,500,0.108,0.3171,0.0,0.0,0.0,0.0,0.0,1.0,0.0,2.0,0.0
Core_N_10,Observed_Cliffs_d_M1,HERA,500,-0.1856,0.1552,-0.1788,0.216,-0.2886,-0.0726,-0.5025,0.0979,-0.7192,0.2784,0.0
Core_N_10,Observed_Cliffs_d_M2,HERA,500,0.6446,0.2341,0.622,0.3696,0.4572,0.8268,0.2572,0.9992,0.1304,1.0,0.0
Core_N_10,Observed_Delta_M1,HERA,500,-1.4758,1.3242,-1.4544,1.2695,-2.1049,-0.8354,-4.1258,1.6766,-6.4038,4.0961,0.0
Core_N_10,Observed_Delta_M2,HERA,500,7.0679,1.3151,7.0655,1.4687,6.3449,7.8135,4.2423,9.6394,2.4076,11.0,0.0
Core_N_10,Observed_Median_Cliffs_d,HERA,500,0.4442,0.2302,0.3632,0.2886,0.2536,0.5422,0.189,0.875,0.1432,0.8912,0.0
Core_N_10,TopChoice,TOPSIS,500,0.996,0.0632,1.0,0.0,1.0,1.0,1.0,1.0,0.0,1.0,0.0
Core_N_10,CompleteRank,TOPSIS,500,0.216,0.4119,0.0,0.0,0.0,0.0,0.0,1.0,0.0,1.0,0.0
Core_N_10,KendallTau,TOPSIS,500,0.8969,0.0886,0.9111,0.1333,0.8222,0.9556,0.6889,1.0,0.5556,1.0,0.0
Core_N_10,SpearmanRho,TOPSIS,500,0.9568,0.0471,0.9758,0.0485,0.9394,0.9879,0.8424,1.0,0.7091,1.0,0.0
Core_N_10,FalseSuperiority,TOPSIS,500,0.0516,0.0443,0.0444,0.0667,0.0222,0.0889,0.0,0.1556,0.0,0.2222,0.0
Core_N_10,Regret,TOPSIS,500,-0.006,0.0948,0.0,0.0,0.0,0.0,0.0,0.0,-1.5,0.0,0.0
Core_N_10,CompensatoryError,TOPSIS,500,0.0,0.0,0.0,0.0,0.0,0.0,0.0,0.0,0.0,0.0,0.0
Core_N_10,RankDisplacement,TOPSIS,500,0.4212,0.343,0.4,0.4,0.2,0.6,0.0,1.2,0.0,1.4,0.0
Core_N_10,TopChoiceRankRegret,TOPSIS,500,0.004,0.0632,0.0,0.0,0.0,0.0,0.0,0.0,0.0,1.0,0.0
Core_N_10,Observed_Cliffs_d_M1,TOPSIS,500,-0.1856,0.1552,-0.1788,0.216,-0.2886,-0.0726,-0.5025,0.0979,-0.7192,0.2784,0.0
Core_N_10,Observed_Cliffs_d_M2,TOPSIS,500,0.6446,0.2341,0.622,0.3696,0.4572,0.8268,0.2572,0.9992,0.1304,1.0,0.0
Core_N_10,Observed_Delta_M1,TOPSIS,500,-1.4758,1.3242,-1.4544,1.2695,-2.1049,-0.8354,-4.1258,1.6766,-6.4038,4.0961,0.0
Core_N_10,Observed_Delta_M2,TOPSIS,500,7.0679,1.3151,7.0655,1.4687,6.3449,7.8135,4.2423,9.6394,2.4076,11.0,0.0
Core_N_10,Observed_Median_Cliffs_d,TOPSIS,500,0.4442,0.2302,0.3632,0.2886,0.2536,0.5422,0.189,0.875,0.1432,0.8912,0.0
Core_N_10,TopChoice,Borda,500,0.4,0.4904,0.0,1.0,0.0,1.0,0.0,1.0,0.0,1.0,0.0
Core_N_10,CompleteRank,Borda,500,0.0,0.0,0.0,0.0,0.0,0.0,0.0,0.0,0.0,0.0,0.0
Core_N_10,KendallTau,Borda,500,0.5837,0.1015,0.6,0.1333,0.5111,0.6444,0.3778,0.7778,0.2444,0.8222,0.0
Core_N_10,SpearmanRho,Borda,500,0.759,0.088,0.7697,0.1091,0.7091,0.8182,0.5636,0.903,0.2848,0.9394,0.0
Core_N_10,FalseSuperiority,Borda,500,0.2081,0.0508,0.2,0.0667,0.1778,0.2444,0.1111,0.3111,0.0889,0.3778,0.0
Core_N_10,Regret,Borda,500,-0.471,1.0639,0.0,1.5,-1.5,0.0,-1.5,2.5,-1.5,2.5,0.0
Core_N_10,CompensatoryError,Borda,500,0.194,0.3958,0.0,0.0,0.0,0.0,0.0,1.0,0.0,1.0,0.0
Core_N_10,RankDisplacement,Borda,500,1.5436,0.3313,1.6,0.4,1.4,1.8,1.0,2.2,0.8,3.0,0.0
Core_N_10,TopChoiceRankRegret,Borda,500,0.894,1.0163,1.0,1.0,0.0,1.0,0.0,3.0,0.0,5.0,0.0
Core_N_10,Observed_Cliffs_d_M1,Borda,500,-0.1856,0.1552,-0.1788,0.216,-0.2886,-0.0726,-0.5025,0.0979,-0.7192,0.2784,0.0
Core_N_10,Observed_Cliffs_d_M2,Borda,500,0.6446,0.2341,0.622,0.3696,0.4572,0.8268,0.2572,0.9992,0.1304,1.0,0.0
Core_N_10,Observed_Delta_M1,Borda,500,-1.4758,1.3242,-1.4544,1.2695,-2.1049,-0.8354,-4.1258,1.6766,-6.4038,4.0961,0.0
Core_N_10,Observed_Delta_M2,Borda,500,7.0679,1.3151,7.0655,1.4687,6.3449,7.8135,4.2423,9.6394,2.4076,11.0,0.0
Core_N_10,Observed_Median_Cliffs_d,Borda,500,0.4442,0.2302,0.3632,0.2886,0.2536,0.5422,0.189,0.875,0.1432,0.8912,0.0
Core_N_10,TopChoice,Wilcoxon-Copeland,500,0.676,0.4685,1.0,1.0,0.0,1.0,0.0,1.0,0.0,1.0,0.0
Core_N_10,CompleteRank,Wilcoxon-Copeland,500,0.0,0.0,0.0,0.0,0.0,0.0,0.0,0.0,0.0,0.0,0.0
Core_N_10,KendallTau,Wilcoxon-Copeland,500,0.7056,0.0801,0.7333,0.1333,0.6444,0.7778,0.5111,0.8222,0.2889,0.8667,0.0
Core_N_10,SpearmanRho,Wilcoxon-Copeland,500,0.8225,0.0708,0.8424,0.0848,0.7818,0.8667,0.6364,0.9152,0.4545,0.9636,0.0
Core_N_10,FalseSuperiority,Wilcoxon-Copeland,500,0.1472,0.0401,0.1333,0.0667,0.1111,0.1778,0.0889,0.2444,0.0667,0.3556,0.0
Core_N_10,Regret,Wilcoxon-Copeland,500,-0.38,0.7461,0.0,1.5,-1.5,0.0,-1.5,1.0,-1.5,2.5,0.0
Core_N_10,CompensatoryError,Wilcoxon-Copeland,500,0.352,0.4781,0.0,1.0,0.0,1.0,0.0,1.0,0.0,1.0,0.0
Core_N_10,RankDisplacement,Wilcoxon-Copeland,500,1.1956,0.2534,1.2,0.4,1.0,1.4,0.8,1.6,0.6,2.4,0.0
Core_N_10,TopChoiceRankRegret,Wilcoxon-Copeland,500,0.4,0.6819,0.0,1.0,0.0,1.0,0.0,3.0,0.0,3.0,0.0
Core_N_10,Observed_Cliffs_d_M1,Wilcoxon-Copeland,500,-0.1856,0.1552,-0.1788,0.216,-0.2886,-0.0726,-0.5025,0.0979,-0.7192,0.2784,0.0
Core_N_10,Observed_Cliffs_d_M2,Wilcoxon-Copeland,500,0.6446,0.2341,0.622,0.3696,0.4572,0.8268,0.2572,0.9992,0.1304,1.0,0.0
Core_N_10,Observed_Delta_M1,Wilcoxon-Copeland,500,-1.4758,1.3242,-1.4544,1.2695,-2.1049,-0.8354,-4.1258,1.6766,-6.4038,4.0961,0.0
Core_N_10,Observed_Delta_M2,Wilcoxon-Copeland,500,7.0679,1.3151,7.0655,1.4687,6.3449,7.8135,4.2423,9.6394,2.4076,11.0,0.0
Core_N_10,Observed_Median_Cliffs_d,Wilcoxon-Copeland,500,0.4442,0.2302,0.3632,0.2886,0.2536,0.5422,0.189,0.875,0.1432,0.8912,0.0
Core_N_12,TopChoice,HERA,500,0.882,0.3229,1.0,0.0,1.0,1.0,0.0,1.0,0.0,1.0,0.0
Core_N_12,CompleteRank,HERA,500,0.284,0.4514,0.0,1.0,0.0,1.0,0.0,1.0,0.0,1.0,0.0
Core_N_12,KendallTau,HERA,500,0.921,0.0811,0.9394,0.1212,0.8788,1.0,0.7273,1.0,0.5455,1.0,0.0
Core_N_12,SpearmanRho,HERA,500,0.9707,0.0378,0.986,0.0437,0.9563,1.0,0.8774,1.0,0.7063,1.0,0.0
Core_N_12,FalseSuperiority,HERA,500,0.0395,0.0406,0.0303,0.0606,0.0,0.0606,0.0,0.1364,0.0,0.2273,0.0
Core_N_12,Regret,HERA,500,-0.161,0.5061,0.0,0.0,0.0,0.0,-1.5,0.0,-1.5,2.5,0.0
Core_N_12,CompensatoryError,HERA,500,0.0,0.0,0.0,0.0,0.0,0.0,0.0,0.0,0.0,0.0,0.0
Core_N_12,RankDisplacement,HERA,500,0.395,0.3848,0.3333,0.6667,0.0,0.6667,0.0,1.1667,0.0,2.1667,0.0
Core_N_12,TopChoiceRankRegret,HERA,500,0.122,0.3396,0.0,0.0,0.0,0.0,0.0,1.0,0.0,2.0,0.0
Core_N_12,Observed_Cliffs_d_M1,HERA,500,-0.1869,0.1574,-0.1648,0.221,-0.2936,-0.0726,-0.5117,0.1085,-0.6824,0.2528,0.0
Core_N_12,Observed_Cliffs_d_M2,HERA,500,0.642,0.2355,0.6056,0.3694,0.4526,0.822,0.2574,0.9984,0.0856,1.0,0.0
Core_N_12,Observed_Delta_M1,HERA,500,-1.4775,1.2871,-1.453,1.2371,-2.0833,-0.8461,-4.0917,1.3277,-7.0041,3.2494,0.0
Core_N_12,Observed_Delta_M2,HERA,500,7.0743,1.2647,7.092,1.2824,6.4325,7.7149,4.2983,9.7749,1.8813,11.6698,0.0
Core_N_12,Observed_Median_Cliffs_d,HERA,500,0.4286,0.2233,0.335,0.2625,0.25,0.5125,0.189,0.8524,0.1608,0.8712,0.0
Core_N_12,TopChoice,TOPSIS,500,0.996,0.0632,1.0,0.0,1.0,1.0,1.0,1.0,0.0,1.0,0.0
Core_N_12,CompleteRank,TOPSIS,500,0.11,0.3132,0.0,0.0,0.0,0.0,0.0,1.0,0.0,1.0,0.0
Core_N_12,KendallTau,TOPSIS,500,0.8765,0.0921,0.8788,0.1212,0.8182,0.9394,0.6811,1.0,0.4242,1.0,0.0
Core_N_12,SpearmanRho,TOPSIS,500,0.9484,0.0528,0.965,0.0559,0.9301,0.986,0.8112,1.0,0.5664,1.0,0.0
Core_N_12,FalseSuperiority,TOPSIS,500,0.0618,0.0461,0.0606,0.0606,0.0303,0.0909,0.0,0.1595,0.0,0.2879,0.0
Core_N_12,Regret,TOPSIS,500,-0.006,0.0948,0.0,0.0,0.0,0.0,0.0,0.0,-1.5,0.0,0.0
Core_N_12,CompensatoryError,TOPSIS,500,0.0,0.0,0.0,0.0,0.0,0.0,0.0,0.0,0.0,0.0,0.0
Core_N_12,RankDisplacement,TOPSIS,500,0.5903,0.4066,0.5,0.5,0.3333,0.8333,0.0,1.5,0.0,2.3333,0.0
Core_N_12,TopChoiceRankRegret,TOPSIS,500,0.004,0.0632,0.0,0.0,0.0,0.0,0.0,0.0,0.0,1.0,0.0
Core_N_12,Observed_Cliffs_d_M1,TOPSIS,500,-0.1869,0.1574,-0.1648,0.221,-0.2936,-0.0726,-0.5117,0.1085,-0.6824,0.2528,0.0
Core_N_12,Observed_Cliffs_d_M2,TOPSIS,500,0.642,0.2355,0.6056,0.3694,0.4526,0.822,0.2574,0.9984,0.0856,1.0,0.0
Core_N_12,Observed_Delta_M1,TOPSIS,500,-1.4775,1.2871,-1.453,1.2371,-2.0833,-0.8461,-4.0917,1.3277,-7.0041,3.2494,0.0
Core_N_12,Observed_Delta_M2,TOPSIS,500,7.0743,1.2647,7.092,1.2824,6.4325,7.7149,4.2983,9.7749,1.8813,11.6698,0.0
Core_N_12,Observed_Median_Cliffs_d,TOPSIS,500,0.4286,0.2233,0.335,0.2625,0.25,0.5125,0.189,0.8524,0.1608,0.8712,0.0
Core_N_12,TopChoice,Borda,500,0.4,0.4904,0.0,1.0,0.0,1.0,0.0,1.0,0.0,1.0,0.0
Core_N_12,CompleteRank,Borda,500,0.0,0.0,0.0,0.0,0.0,0.0,0.0,0.0,0.0,0.0,0.0
Core_N_12,KendallTau,Borda,500,0.561,0.094,0.5758,0.1515,0.4848,0.6364,0.378,0.7576,0.303,0.8182,0.0
Core_N_12,SpearmanRho,Borda,500,0.7333,0.0818,0.7413,0.1049,0.6853,0.7902,0.5521,0.8708,0.4615,0.9161,0.0
Core_N_12,FalseSuperiority,Borda,500,0.2195,0.047,0.2121,0.0758,0.1818,0.2576,0.1212,0.311,0.0909,0.3485,0.0
Core_N_12,Regret,Borda,500,-0.3723,1.0991,0.0,1.5,-1.5,0.0,-1.5,2.5,-1.5,3.83,0.0
Core_N_12,CompensatoryError,Borda,500,0.436,0.4964,0.0,1.0,0.0,1.0,0.0,1.0,0.0,1.0,0.0
Core_N_12,RankDisplacement,Borda,500,1.903,0.3747,1.8333,0.5,1.6667,2.1667,1.1667,2.6667,0.8333,3.1667,0.0
Core_N_12,TopChoiceRankRegret,Borda,500,0.966,1.0969,1.0,1.0,0.0,1.0,0.0,3.0,0.0,6.0,0.0
Core_N_12,Observed_Cliffs_d_M1,Borda,500,-0.1869,0.1574,-0.1648,0.221,-0.2936,-0.0726,-0.5117,0.1085,-0.6824,0.2528,0.0
Core_N_12,Observed_Cliffs_d_M2,Borda,500,0.642,0.2355,0.6056,0.3694,0.4526,0.822,0.2574,0.9984,0.0856,1.0,0.0
Core_N_12,Observed_Delta_M1,Borda,500,-1.4775,1.2871,-1.453,1.2371,-2.0833,-0.8461,-4.0917,1.3277,-7.0041,3.2494,0.0
Core_N_12,Observed_Delta_M2,Borda,500,7.0743,1.2647,7.092,1.2824,6.4325,7.7149,4.2983,9.7749,1.8813,11.6698,0.0
Core_N_12,Observed_Median_Cliffs_d,Borda,500,0.4286,0.2233,0.335,0.2625,0.25,0.5125,0.189,0.8524,0.1608,0.8712,0.0
Core_N_12,TopChoice,Wilcoxon-Copeland,500,0.704,0.4569,1.0,1.0,0.0,1.0,0.0,1.0,0.0,1.0,0.0
Core_N_12,CompleteRank,Wilcoxon-Copeland,500,0.0,0.0,0.0,0.0,0.0,0.0,0.0,0.0,0.0,0.0,0.0
Core_N_12,KendallTau,Wilcoxon-Copeland,500,0.72,0.0665,0.7273,0.0909,0.6667,0.7576,0.5758,0.8182,0.3636,0.8788,0.0
Core_N_12,SpearmanRho,Wilcoxon-Copeland,500,0.818,0.055,0.8322,0.0629,0.7832,0.8462,0.6923,0.8951,0.5664,0.951,0.0
Core_N_12,FalseSuperiority,Wilcoxon-Copeland,500,0.14,0.0332,0.1364,0.0455,0.1212,0.1667,0.0909,0.2121,0.0606,0.3182,0.0
Core_N_12,Regret,Wilcoxon-Copeland,500,-0.346,0.7144,0.0,1.5,-1.5,0.0,-1.5,1.0,-1.5,2.5,0.0
Core_N_12,CompensatoryError,Wilcoxon-Copeland,500,0.732,0.4434,1.0,1.0,0.0,1.0,0.0,1.0,0.0,1.0,0.0
Core_N_12,RankDisplacement,Wilcoxon-Copeland,500,1.3263,0.2427,1.3333,0.3333,1.1667,1.5,1.0,1.8333,0.6667,2.5,0.0
Core_N_12,TopChoiceRankRegret,Wilcoxon-Copeland,500,0.37,0.6738,0.0,1.0,0.0,1.0,0.0,3.0,0.0,3.0,0.0
Core_N_12,Observed_Cliffs_d_M1,Wilcoxon-Copeland,500,-0.1869,0.1574,-0.1648,0.221,-0.2936,-0.0726,-0.5117,0.1085,-0.6824,0.2528,0.0
Core_N_12,Observed_Cliffs_d_M2,Wilcoxon-Copeland,500,0.642,0.2355,0.6056,0.3694,0.4526,0.822,0.2574,0.9984,0.0856,1.0,0.0
Core_N_12,Observed_Delta_M1,Wilcoxon-Copeland,500,-1.4775,1.2871,-1.453,1.2371,-2.0833,-0.8461,-4.0917,1.3277,-7.0041,3.2494,0.0
Core_N_12,Observed_Delta_M2,Wilcoxon-Copeland,500,7.0743,1.2647,7.092,1.2824,6.4325,7.7149,4.2983,9.7749,1.8813,11.6698,0.0
Core_N_12,Observed_Median_Cliffs_d,Wilcoxon-Copeland,500,0.4286,0.2233,0.335,0.2625,0.25,0.5125,0.189,0.8524,0.1608,0.8712,0.0
Core_N_14,TopChoice,HERA,500,0.854,0.3535,1.0,0.0,1.0,1.0,0.0,1.0,0.0,1.0,0.0
Core_N_14,CompleteRank,HERA,500,0.18,0.3846,0.0,0.0,0.0,0.0,0.0,1.0,0.0,1.0,0.0
Core_N_14,KendallTau,HERA,500,0.9083,0.0774,0.9121,0.1319,0.8462,0.978,0.7363,1.0,0.6264,1.0,0.0
Core_N_14,SpearmanRho,HERA,500,0.9691,0.0338,0.978,0.044,0.9516,0.9956,0.8922,1.0,0.7451,1.0,0.0
Core_N_14,FalseSuperiority,HERA,500,0.0458,0.0387,0.044,0.0659,0.011,0.0769,0.0,0.1319,0.0,0.1868,0.0
Core_N_14,Regret,HERA,500,-0.203,0.5513,0.0,0.0,0.0,0.0,-1.5,0.0,-1.5,2.5,0.0
Core_N_14,CompensatoryError,HERA,500,0.0,0.0,0.0,0.0,0.0,0.0,0.0,0.0,0.0,0.0,0.0
Core_N_14,RankDisplacement,HERA,500,0.5334,0.4233,0.5714,0.7143,0.1429,0.8571,0.0,1.2857,0.0,1.8571,0.0
Core_N_14,TopChoiceRankRegret,HERA,500,0.15,0.3685,0.0,0.0,0.0,0.0,0.0,1.0,0.0,2.0,0.0
Core_N_14,Observed_Cliffs_d_M1,HERA,500,-0.1855,0.1544,-0.1788,0.2116,-0.2842,-0.0726,-0.4797,0.1196,-0.648,0.236,0.0
Core_N_14,Observed_Cliffs_d_M2,HERA,500,0.6431,0.2301,0.618,0.3644,0.4596,0.824,0.2589,0.9976,0.112,1.0,0.0
Core_N_14,Observed_Delta_M1,HERA,500,-1.5164,1.3996,-1.4556,1.3601,-2.197,-0.8369,-4.5523,1.6256,-6.5538,2.996,0.0
Core_N_14,Observed_Delta_M2,HERA,500,7.028,1.3234,7.0405,1.3082,6.3406,7.6488,4.1649,9.74,1.6513,11.8584,0.0
Core_N_14,Observed_Median_Cliffs_d,HERA,500,0.3966,0.2092,0.3084,0.2355,0.2349,0.4704,0.1774,0.8026,0.1296,0.8252,0.0
Core_N_14,TopChoice,TOPSIS,500,0.998,0.0447,1.0,0.0,1.0,1.0,1.0,1.0,0.0,1.0,0.0
Core_N_14,CompleteRank,TOPSIS,500,0.044,0.2053,0.0,0.0,0.0,0.0,0.0,1.0,0.0,1.0,0.0
Core_N_14,KendallTau,TOPSIS,500,0.8502,0.0963,0.8681,0.1538,0.7802,0.9341,0.6484,1.0,0.4945,1.0,0.0
Core_N_14,SpearmanRho,TOPSIS,500,0.9358,0.0599,0.9516,0.0747,0.9077,0.9824,0.7888,1.0,0.6484,1.0,0.0
Core_N_14,FalseSuperiority,TOPSIS,500,0.0749,0.0481,0.0659,0.0769,0.033,0.1099,0.0,0.1758,0.0,0.2527,0.0
Core_N_14,Regret,TOPSIS,500,-0.003,0.0671,0.0,0.0,0.0,0.0,0.0,0.0,-1.5,0.0,0.0
Core_N_14,CompensatoryError,TOPSIS,500,0.0,0.0,0.0,0.0,0.0,0.0,0.0,0.0,0.0,0.0,0.0
Core_N_14,RankDisplacement,TOPSIS,500,0.8246,0.483,0.8571,0.7143,0.4286,1.1429,0.0,1.8571,0.0,2.5714,0.0
Core_N_14,TopChoiceRankRegret,TOPSIS,500,0.002,0.0447,0.0,0.0,0.0,0.0,0.0,0.0,0.0,1.0,0.0
Core_N_14,Observed_Cliffs_d_M1,TOPSIS,500,-0.1855,0.1544,-0.1788,0.2116,-0.2842,-0.0726,-0.4797,0.1196,-0.648,0.236,0.0
Core_N_14,Observed_Cliffs_d_M2,TOPSIS,500,0.6431,0.2301,0.618,0.3644,0.4596,0.824,0.2589,0.9976,0.112,1.0,0.0
Core_N_14,Observed_Delta_M1,TOPSIS,500,-1.5164,1.3996,-1.4556,1.3601,-2.197,-0.8369,-4.5523,1.6256,-6.5538,2.996,0.0
Core_N_14,Observed_Delta_M2,TOPSIS,500,7.028,1.3234,7.0405,1.3082,6.3406,7.6488,4.1649,9.74,1.6513,11.8584,0.0
Core_N_14,Observed_Median_Cliffs_d,TOPSIS,500,0.3966,0.2092,0.3084,0.2355,0.2349,0.4704,0.1774,0.8026,0.1296,0.8252,0.0
Core_N_14,TopChoice,Borda,500,0.418,0.4937,0.0,1.0,0.0,1.0,0.0,1.0,0.0,1.0,0.0
Core_N_14,CompleteRank,Borda,500,0.0,0.0,0.0,0.0,0.0,0.0,0.0,0.0,0.0,0.0,0.0
Core_N_14,KendallTau,Borda,500,0.5359,0.0907,0.5385,0.1319,0.4725,0.6044,0.3407,0.6923,0.2527,0.7802,0.0
Core_N_14,SpearmanRho,Borda,500,0.7093,0.0846,0.7231,0.1143,0.6571,0.7714,0.5209,0.8462,0.4022,0.9165,0.0
Core_N_14,FalseSuperiority,Borda,500,0.2321,0.0454,0.2308,0.0659,0.1978,0.2637,0.1538,0.3297,0.1099,0.3736,0.0
Core_N_14,Regret,Borda,500,-0.25,1.118,0.0,1.5,-1.5,0.0,-1.5,2.5,-1.5,2.5,0.0
Core_N_14,CompensatoryError,Borda,500,0.59,0.4923,1.0,1.0,0.0,1.0,0.0,1.0,0.0,1.0,0.0
Core_N_14,RankDisplacement,Borda,500,2.3203,0.4168,2.2857,0.5714,2.0,2.5714,1.5714,3.1429,1.1429,3.7143,0.0
Core_N_14,TopChoiceRankRegret,Borda,500,0.996,1.1343,1.0,1.0,0.0,1.0,0.0,3.0,0.0,5.0,0.0
Core_N_14,Observed_Cliffs_d_M1,Borda,500,-0.1855,0.1544,-0.1788,0.2116,-0.2842,-0.0726,-0.4797,0.1196,-0.648,0.236,0.0
Core_N_14,Observed_Cliffs_d_M2,Borda,500,0.6431,0.2301,0.618,0.3644,0.4596,0.824,0.2589,0.9976,0.112,1.0,0.0
Core_N_14,Observed_Delta_M1,Borda,500,-1.5164,1.3996,-1.4556,1.3601,-2.197,-0.8369,-4.5523,1.6256,-6.5538,2.996,0.0
Core_N_14,Observed_Delta_M2,Borda,500,7.028,1.3234,7.0405,1.3082,6.3406,7.6488,4.1649,9.74,1.6513,11.8584,0.0
Core_N_14,Observed_Median_Cliffs_d,Borda,500,0.3966,0.2092,0.3084,0.2355,0.2349,0.4704,0.1774,0.8026,0.1296,0.8252,0.0
Core_N_14,TopChoice,Wilcoxon-Copeland,500,0.67,0.4707,1.0,1.0,0.0,1.0,0.0,1.0,0.0,1.0,0.0
Core_N_14,CompleteRank,Wilcoxon-Copeland,500,0.0,0.0,0.0,0.0,0.0,0.0,0.0,0.0,0.0,0.0,0.0
Core_N_14,KendallTau,Wilcoxon-Copeland,500,0.7182,0.068,0.7363,0.0879,0.6703,0.7582,0.5604,0.8242,0.4286,0.8462,0.0
Core_N_14,SpearmanRho,Wilcoxon-Copeland,500,0.8118,0.0525,0.8242,0.0659,0.7802,0.8462,0.6877,0.8945,0.5868,0.9253,0.0
Core_N_14,FalseSuperiority,Wilcoxon-Copeland,500,0.1409,0.034,0.1319,0.044,0.1209,0.1648,0.0879,0.2198,0.0769,0.2857,0.0
Core_N_14,Regret,Wilcoxon-Copeland,500,-0.38,0.736,0.0,1.5,-1.5,0.0,-1.5,1.0,-1.5,1.0,0.0
Core_N_14,CompensatoryError,Wilcoxon-Copeland,500,0.886,0.3181,1.0,0.0,1.0,1.0,0.0,1.0,0.0,1.0,0.0
Core_N_14,RankDisplacement,Wilcoxon-Copeland,500,1.5009,0.2793,1.4286,0.4286,1.2857,1.7143,1.1429,2.1429,1.0,2.7143,0.0
Core_N_14,TopChoiceRankRegret,Wilcoxon-Copeland,500,0.422,0.7218,0.0,1.0,0.0,1.0,0.0,3.0,0.0,3.0,0.0
Core_N_14,Observed_Cliffs_d_M1,Wilcoxon-Copeland,500,-0.1855,0.1544,-0.1788,0.2116,-0.2842,-0.0726,-0.4797,0.1196,-0.648,0.236,0.0
Core_N_14,Observed_Cliffs_d_M2,Wilcoxon-Copeland,500,0.6431,0.2301,0.618,0.3644,0.4596,0.824,0.2589,0.9976,0.112,1.0,0.0
Core_N_14,Observed_Delta_M1,Wilcoxon-Copeland,500,-1.5164,1.3996,-1.4556,1.3601,-2.197,-0.8369,-4.5523,1.6256,-6.5538,2.996,0.0
Core_N_14,Observed_Delta_M2,Wilcoxon-Copeland,500,7.028,1.3234,7.0405,1.3082,6.3406,7.6488,4.1649,9.74,1.6513,11.8584,0.0
Core_N_14,Observed_Median_Cliffs_d,Wilcoxon-Copeland,500,0.3966,0.2092,0.3084,0.2355,0.2349,0.4704,0.1774,0.8026,0.1296,0.8252,0.0
Cohort_n_25,TopChoice,HERA,300,0.97,0.1709,1.0,0.0,1.0,1.0,0.0,1.0,0.0,1.0,0.0
Cohort_n_25,CompleteRank,HERA,300,0.1467,0.3544,0.0,0.0,0.0,0.0,0.0,1.0,0.0,1.0,0.0
Cohort_n_25,KendallTau,HERA,300,0.924,0.0538,0.9231,0.0659,0.8901,0.956,0.8222,1.0,0.6264,1.0,0.0
Cohort_n_25,SpearmanRho,HERA,300,0.9743,0.0264,0.979,0.0276,0.9636,0.9912,0.9156,1.0,0.7099,1.0,0.0
Cohort_n_25,FalseSuperiority,HERA,300,0.038,0.0269,0.0385,0.033,0.022,0.0549,0.0,0.0889,0.0,0.1868,0.0
Cohort_n_25,Regret,HERA,300,-0.045,0.2563,0.0,0.0,0.0,0.0,-1.5,0.0,-1.5,0.0,0.0
Cohort_n_25,CompensatoryError,HERA,300,0.0,0.0,0.0,0.0,0.0,0.0,0.0,0.0,0.0,0.0,0.0
Cohort_n_25,RankDisplacement,HERA,300,0.4006,0.2688,0.4,0.3714,0.2,0.5714,0.0,0.8571,0.0,1.4286,0.0
Cohort_n_25,TopChoiceRankRegret,HERA,300,0.03,0.1709,0.0,0.0,0.0,0.0,0.0,1.0,0.0,1.0,0.0
Cohort_n_25,Observed_Cliffs_d_M1,HERA,300,-0.218,0.1647,-0.2192,0.2304,-0.3376,-0.1072,-0.4947,0.111,-0.7568,0.2384,0.0
Cohort_n_25,Observed_Cliffs_d_M2,HERA,300,0.791,0.0955,0.8016,0.1192,0.7344,0.8536,0.5902,0.9473,0.3696,0.9968,0.0
Cohort_n_25,Observed_Delta_M1,HERA,300,-1.558,1.17,-1.5587,1.5698,-2.3296,-0.7598,-3.8135,0.7416,-5.712,1.612,0.0
Cohort_n_25,Observed_Delta_M2,HERA,300,7.0902,1.2492,7.0947,1.6563,6.2369,7.8932,4.832,9.6286,3.0743,10.9696,0.0
Cohort_n_25,Observed_Median_Cliffs_d,HERA,300,0.4839,0.0463,0.48,0.058,0.4544,0.5124,0.396,0.5801,0.3696,0.656,0.0
Cohort_n_25,TopChoice,TOPSIS,300,1.0,0.0,1.0,0.0,1.0,1.0,1.0,1.0,1.0,1.0,0.0
Cohort_n_25,CompleteRank,TOPSIS,300,0.0367,0.1883,0.0,0.0,0.0,0.0,0.0,1.0,0.0,1.0,0.0
Cohort_n_25,KendallTau,TOPSIS,300,0.8801,0.0647,0.8788,0.0879,0.8462,0.9341,0.7347,1.0,0.6889,1.0,0.0
Cohort_n_25,SpearmanRho,TOPSIS,300,0.9543,0.0346,0.9636,0.0406,0.9385,0.979,0.8669,1.0,0.8061,1.0,0.0
Cohort_n_25,FalseSuperiority,TOPSIS,300,0.06,0.0324,0.0606,0.044,0.033,0.0769,0.0,0.1326,0.0,0.1556,0.0
Cohort_n_25,Regret,TOPSIS,300,0.0,0.0,0.0,0.0,0.0,0.0,0.0,0.0,0.0,0.0,0.0
Cohort_n_25,CompensatoryError,TOPSIS,300,0.0,0.0,0.0,0.0,0.0,0.0,0.0,0.0,0.0,0.0,0.0
Cohort_n_25,RankDisplacement,TOPSIS,300,0.6088,0.3327,0.6,0.4333,0.4,0.8333,0.0,1.2857,0.0,1.5714,0.0
Cohort_n_25,TopChoiceRankRegret,TOPSIS,300,0.0,0.0,0.0,0.0,0.0,0.0,0.0,0.0,0.0,0.0,0.0
Cohort_n_25,Observed_Cliffs_d_M1,TOPSIS,300,-0.218,0.1647,-0.2192,0.2304,-0.3376,-0.1072,-0.4947,0.111,-0.7568,0.2384,0.0
Cohort_n_25,Observed_Cliffs_d_M2,TOPSIS,300,0.791,0.0955,0.8016,0.1192,0.7344,0.8536,0.5902,0.9473,0.3696,0.9968,0.0
Cohort_n_25,Observed_Delta_M1,TOPSIS,300,-1.558,1.17,-1.5587,1.5698,-2.3296,-0.7598,-3.8135,0.7416,-5.712,1.612,0.0
Cohort_n_25,Observed_Delta_M2,TOPSIS,300,7.0902,1.2492,7.0947,1.6563,6.2369,7.8932,4.832,9.6286,3.0743,10.9696,0.0
Cohort_n_25,Observed_Median_Cliffs_d,TOPSIS,300,0.4839,0.0463,0.48,0.058,0.4544,0.5124,0.396,0.5801,0.3696,0.656,0.0
Cohort_n_25,TopChoice,Borda,300,0.4433,0.4976,0.0,1.0,0.0,1.0,0.0,1.0,0.0,1.0,0.0
Cohort_n_25,CompleteRank,Borda,300,0.0,0.0,0.0,0.0,0.0,0.0,0.0,0.0,0.0,0.0,0.0
Cohort_n_25,KendallTau,Borda,300,0.5648,0.1069,0.5556,0.1538,0.4945,0.6484,0.3626,0.7579,0.2727,0.8222,0.0
Cohort_n_25,SpearmanRho,Borda,300,0.7349,0.0943,0.7455,0.1368,0.6742,0.811,0.5394,0.8733,0.3916,0.9394,0.0
Cohort_n_25,FalseSuperiority,Borda,300,0.2176,0.0535,0.2222,0.0769,0.1758,0.2527,0.121,0.3187,0.0889,0.3636,0.0
Cohort_n_25,Regret,Borda,300,-0.3117,1.0759,0.0,1.5,-1.5,0.0,-1.5,2.5,-1.5,2.5,0.0
Cohort_n_25,CompensatoryError,Borda,300,0.43,0.4959,0.0,1.0,0.0,1.0,0.0,1.0,0.0,1.0,0.0
Cohort_n_25,RankDisplacement,Borda,300,1.9017,0.54,1.8333,0.7857,1.5,2.2857,1.0,3.0,0.8,3.2857,0.0
Cohort_n_25,TopChoiceRankRegret,Borda,300,0.9,1.0679,1.0,1.0,0.0,1.0,0.0,3.0,0.0,4.0,0.0
Cohort_n_25,Observed_Cliffs_d_M1,Borda,300,-0.218,0.1647,-0.2192,0.2304,-0.3376,-0.1072,-0.4947,0.111,-0.7568,0.2384,0.0
Cohort_n_25,Observed_Cliffs_d_M2,Borda,300,0.791,0.0955,0.8016,0.1192,0.7344,0.8536,0.5902,0.9473,0.3696,0.9968,0.0
Cohort_n_25,Observed_Delta_M1,Borda,300,-1.558,1.17,-1.5587,1.5698,-2.3296,-0.7598,-3.8135,0.7416,-5.712,1.612,0.0
Cohort_n_25,Observed_Delta_M2,Borda,300,7.0902,1.2492,7.0947,1.6563,6.2369,7.8932,4.832,9.6286,3.0743,10.9696,0.0
Cohort_n_25,Observed_Median_Cliffs_d,Borda,300,0.4839,0.0463,0.48,0.058,0.4544,0.5124,0.396,0.5801,0.3696,0.656,0.0
Cohort_n_25,TopChoice,Wilcoxon-Copeland,300,0.63,0.4836,1.0,1.0,0.0,1.0,0.0,1.0,0.0,1.0,0.0
Cohort_n_25,CompleteRank,Wilcoxon-Copeland,300,0.0,0.0,0.0,0.0,0.0,0.0,0.0,0.0,0.0,0.0,0.0
Cohort_n_25,KendallTau,Wilcoxon-Copeland,300,0.7201,0.0484,0.7273,0.0687,0.6889,0.7576,0.6364,0.8022,0.5165,0.8242,0.0
Cohort_n_25,SpearmanRho,Wilcoxon-Copeland,300,0.8198,0.0421,0.8198,0.057,0.7902,0.8473,0.7451,0.9026,0.6615,0.9152,0.0
Cohort_n_25,FalseSuperiority,Wilcoxon-Copeland,300,0.14,0.0242,0.1364,0.0343,0.1212,0.1556,0.0989,0.1818,0.0879,0.2418,0.0
Cohort_n_25,Regret,Wilcoxon-Copeland,300,-0.455,0.7599,0.0,1.5,-1.5,0.0,-1.5,1.0,-1.5,1.0,0.0
Cohort_n_25,CompensatoryError,Wilcoxon-Copeland,300,0.6967,0.4605,1.0,1.0,0.0,1.0,0.0,1.0,0.0,1.0,0.0
Cohort_n_25,RankDisplacement,Wilcoxon-Copeland,300,1.3305,0.2256,1.3333,0.2286,1.2,1.4286,1.0,1.8571,0.8,2.2857,0.0
Cohort_n_25,TopChoiceRankRegret,Wilcoxon-Copeland,300,0.45,0.6994,0.0,1.0,0.0,1.0,0.0,3.0,0.0,3.0,0.0
Cohort_n_25,Observed_Cliffs_d_M1,Wilcoxon-Copeland,300,-0.218,0.1647,-0.2192,0.2304,-0.3376,-0.1072,-0.4947,0.111,-0.7568,0.2384,0.0
Cohort_n_25,Observed_Cliffs_d_M2,Wilcoxon-Copeland,300,0.791,0.0955,0.8016,0.1192,0.7344,0.8536,0.5902,0.9473,0.3696,0.9968,0.0
Cohort_n_25,Observed_Delta_M1,Wilcoxon-Copeland,300,-1.558,1.17,-1.5587,1.5698,-2.3296,-0.7598,-3.8135,0.7416,-5.712,1.612,0.0
Cohort_n_25,Observed_Delta_M2,Wilcoxon-Copeland,300,7.0902,1.2492,7.0947,1.6563,6.2369,7.8932,4.832,9.6286,3.0743,10.9696,0.0
Cohort_n_25,Observed_Median_Cliffs_d,Wilcoxon-Copeland,300,0.4839,0.0463,0.48,0.058,0.4544,0.5124,0.396,0.5801,0.3696,0.656,0.0
Cohort_n_50,TopChoice,HERA,100,1.0,0.0,1.0,0.0,1.0,1.0,1.0,1.0,1.0,1.0,0.0
Cohort_n_50,CompleteRank,HERA,100,0.51,0.5024,1.0,1.0,0.0,1.0,0.0,1.0,0.0,1.0,0.0
Cohort_n_50,KendallTau,HERA,100,0.9797,0.0331,1.0,0.0303,0.9697,1.0,0.9235,1.0,0.7273,1.0,0.0
Cohort_n_50,SpearmanRho,HERA,100,0.9938,0.0193,1.0,0.007,0.993,1.0,0.9753,1.0,0.8112,1.0,0.0
Cohort_n_50,FalseSuperiority,HERA,100,0.0102,0.0165,0.0,0.0152,0.0,0.0152,0.0,0.0383,0.0,0.1364,0.0
Cohort_n_50,Regret,HERA,100,0.0,0.0,0.0,0.0,0.0,0.0,0.0,0.0,0.0,0.0,0.0
Cohort_n_50,CompensatoryError,HERA,100,0.0,0.0,0.0,0.0,0.0,0.0,0.0,0.0,0.0,0.0,0.0
Cohort_n_50,RankDisplacement,HERA,100,0.105,0.1434,0.0,0.1667,0.0,0.1667,0.0,0.3333,0.0,1.0,0.0
Cohort_n_50,TopChoiceRankRegret,HERA,100,0.0,0.0,0.0,0.0,0.0,0.0,0.0,0.0,0.0,0.0,0.0
Cohort_n_50,Observed_Cliffs_d_M1,HERA,100,-0.2043,0.1148,-0.2052,0.1534,-0.2836,-0.1302,-0.4444,-0.0228,-0.4672,0.132,0.0
Cohort_n_50,Observed_Cliffs_d_M2,HERA,100,0.7856,0.0605,0.7876,0.0736,0.7484,0.822,0.6591,0.8813,0.6064,0.9384,0.0
Cohort_n_50,Observed_Delta_M1,HERA,100,-1.4278,0.8178,-1.4113,1.1494,-2.0042,-0.8548,-3.1414,-0.0484,-3.4436,0.7112,0.0
Cohort_n_50,Observed_Delta_M2,HERA,100,7.1135,0.8311,7.1096,1.1816,6.4748,7.6564,5.7488,8.9682,5.4457,9.8953,0.0
Cohort_n_50,Observed_Median_Cliffs_d,HERA,100,0.4953,0.0308,0.494,0.0361,0.4764,0.5125,0.4345,0.5524,0.4088,0.564,0.0
Cohort_n_50,TopChoice,TOPSIS,100,1.0,0.0,1.0,0.0,1.0,1.0,1.0,1.0,1.0,1.0,0.0
Cohort_n_50,CompleteRank,TOPSIS,100,0.06,0.2387,0.0,0.0,0.0,0.0,0.0,1.0,0.0,1.0,0.0
Cohort_n_50,KendallTau,TOPSIS,100,0.9155,0.0499,0.9091,0.0606,0.8788,0.9394,0.7879,1.0,0.7576,1.0,0.0
Cohort_n_50,SpearmanRho,TOPSIS,100,0.9729,0.0211,0.972,0.021,0.965,0.986,0.9194,1.0,0.8881,1.0,0.0
Cohort_n_50,FalseSuperiority,TOPSIS,100,0.0423,0.025,0.0455,0.0303,0.0303,0.0606,0.0,0.1061,0.0,0.1212,0.0
Cohort_n_50,Regret,TOPSIS,100,0.0,0.0,0.0,0.0,0.0,0.0,0.0,0.0,0.0,0.0,0.0
Cohort_n_50,CompensatoryError,TOPSIS,100,0.0,0.0,0.0,0.0,0.0,0.0,0.0,0.0,0.0,0.0,0.0
Cohort_n_50,RankDisplacement,TOPSIS,100,0.4267,0.2337,0.4167,0.1667,0.3333,0.5,0.0,0.8333,0.0,1.1667,0.0
Cohort_n_50,TopChoiceRankRegret,TOPSIS,100,0.0,0.0,0.0,0.0,0.0,0.0,0.0,0.0,0.0,0.0,0.0
Cohort_n_50,Observed_Cliffs_d_M1,TOPSIS,100,-0.2043,0.1148,-0.2052,0.1534,-0.2836,-0.1302,-0.4444,-0.0228,-0.4672,0.132,0.0
Cohort_n_50,Observed_Cliffs_d_M2,TOPSIS,100,0.7856,0.0605,0.7876,0.0736,0.7484,0.822,0.6591,0.8813,0.6064,0.9384,0.0
Cohort_n_50,Observed_Delta_M1,TOPSIS,100,-1.4278,0.8178,-1.4113,1.1494,-2.0042,-0.8548,-3.1414,-0.0484,-3.4436,0.7112,0.0
Cohort_n_50,Observed_Delta_M2,TOPSIS,100,7.1135,0.8311,7.1096,1.1816,6.4748,7.6564,5.7488,8.9682,5.4457,9.8953,0.0
Cohort_n_50,Observed_Median_Cliffs_d,TOPSIS,100,0.4953,0.0308,0.494,0.0361,0.4764,0.5125,0.4345,0.5524,0.4088,0.564,0.0
Cohort_n_50,TopChoice,Borda,100,0.38,0.4878,0.0,1.0,0.0,1.0,0.0,1.0,0.0,1.0,0.0
Cohort_n_50,CompleteRank,Borda,100,0.0,0.0,0.0,0.0,0.0,0.0,0.0,0.0,0.0,0.0,0.0
Cohort_n_50,KendallTau,Borda,100,0.5845,0.1002,0.5758,0.1212,0.5152,0.6364,0.3939,0.7735,0.3333,0.7879,0.0
Cohort_n_50,SpearmanRho,Borda,100,0.7506,0.0789,0.7483,0.1136,0.6976,0.8112,0.5941,0.8918,0.4825,0.9021,0.0
Cohort_n_50,FalseSuperiority,Borda,100,0.2077,0.0501,0.2121,0.0606,0.1818,0.2424,0.1133,0.303,0.1061,0.3333,0.0
Cohort_n_50,Regret,Borda,100,-0.465,1.0082,0.0,1.5,-1.5,0.0,-1.5,1.0,-1.5,2.5,0.0
Cohort_n_50,CompensatoryError,Borda,100,0.41,0.4943,0.0,1.0,0.0,1.0,0.0,1.0,0.0,1.0,0.0
Cohort_n_50,RankDisplacement,Borda,100,1.835,0.3749,1.8333,0.5417,1.625,2.1667,1.1667,2.5875,1.0,2.6667,0.0
Cohort_n_50,TopChoiceRankRegret,Borda,100,0.99,1.0871,1.0,1.0,0.0,1.0,0.0,3.0,0.0,4.0,0.0
Cohort_n_50,Observed_Cliffs_d_M1,Borda,100,-0.2043,0.1148,-0.2052,0.1534,-0.2836,-0.1302,-0.4444,-0.0228,-0.4672,0.132,0.0
Cohort_n_50,Observed_Cliffs_d_M2,Borda,100,0.7856,0.0605,0.7876,0.0736,0.7484,0.822,0.6591,0.8813,0.6064,0.9384,0.0
Cohort_n_50,Observed_Delta_M1,Borda,100,-1.4278,0.8178,-1.4113,1.1494,-2.0042,-0.8548,-3.1414,-0.0484,-3.4436,0.7112,0.0
Cohort_n_50,Observed_Delta_M2,Borda,100,7.1135,0.8311,7.1096,1.1816,6.4748,7.6564,5.7488,8.9682,5.4457,9.8953,0.0
Cohort_n_50,Observed_Median_Cliffs_d,Borda,100,0.4953,0.0308,0.494,0.0361,0.4764,0.5125,0.4345,0.5524,0.4088,0.564,0.0
Cohort_n_50,TopChoice,Wilcoxon-Copeland,100,0.63,0.4852,1.0,1.0,0.0,1.0,0.0,1.0,0.0,1.0,0.0
Cohort_n_50,CompleteRank,Wilcoxon-Copeland,100,0.0,0.0,0.0,0.0,0.0,0.0,0.0,0.0,0.0,0.0,0.0
Cohort_n_50,KendallTau,Wilcoxon-Copeland,100,0.7455,0.0458,0.7576,0.0606,0.7273,0.7879,0.6364,0.8182,0.6061,0.8182,0.0
Cohort_n_50,SpearmanRho,Wilcoxon-Copeland,100,0.8386,0.0337,0.8392,0.0367,0.8252,0.8619,0.7726,0.8951,0.7552,0.9091,0.0
Cohort_n_50,FalseSuperiority,Wilcoxon-Copeland,100,0.1273,0.0229,0.1212,0.0303,0.1061,0.1364,0.0909,0.1818,0.0909,0.197,0.0
Cohort_n_50,Regret,Wilcoxon-Copeland,100,-0.53,0.7379,0.0,1.5,-1.5,0.0,-1.5,0.0,-1.5,1.0,0.0
Cohort_n_50,CompensatoryError,Wilcoxon-Copeland,100,0.7,0.4606,1.0,1.0,0.0,1.0,0.0,1.0,0.0,1.0,0.0
Cohort_n_50,RankDisplacement,Wilcoxon-Copeland,100,1.26,0.1647,1.1667,0.1667,1.1667,1.3333,1.0,1.5875,1.0,1.6667,0.0
Cohort_n_50,TopChoiceRankRegret,Wilcoxon-Copeland,100,0.39,0.5486,0.0,1.0,0.0,1.0,0.0,1.0,0.0,3.0,0.0
Cohort_n_50,Observed_Cliffs_d_M1,Wilcoxon-Copeland,100,-0.2043,0.1148,-0.2052,0.1534,-0.2836,-0.1302,-0.4444,-0.0228,-0.4672,0.132,0.0
Cohort_n_50,Observed_Cliffs_d_M2,Wilcoxon-Copeland,100,0.7856,0.0605,0.7876,0.0736,0.7484,0.822,0.6591,0.8813,0.6064,0.9384,0.0
Cohort_n_50,Observed_Delta_M1,Wilcoxon-Copeland,100,-1.4278,0.8178,-1.4113,1.1494,-2.0042,-0.8548,-3.1414,-0.0484,-3.4436,0.7112,0.0
Cohort_n_50,Observed_Delta_M2,Wilcoxon-Copeland,100,7.1135,0.8311,7.1096,1.1816,6.4748,7.6564,5.7488,8.9682,5.4457,9.8953,0.0
Cohort_n_50,Observed_Median_Cliffs_d,Wilcoxon-Copeland,100,0.4953,0.0308,0.494,0.0361,0.4764,0.5125,0.4345,0.5524,0.4088,0.564,0.0
Cohort_n_100,TopChoice,HERA,300,1.0,0.0,1.0,0.0,1.0,1.0,1.0,1.0,1.0,1.0,0.0
Cohort_n_100,CompleteRank,HERA,300,0.63,0.4836,1.0,1.0,0.0,1.0,0.0,1.0,0.0,1.0,0.0
Cohort_n_100,KendallTau,HERA,300,0.9868,0.0241,1.0,0.022,0.978,1.0,0.9556,1.0,0.7273,1.0,0.0
Cohort_n_100,SpearmanRho,HERA,300,0.9964,0.0115,1.0,0.0044,0.9956,1.0,0.9879,1.0,0.8252,1.0,0.0
Cohort_n_100,FalseSuperiority,HERA,300,0.0066,0.012,0.0,0.011,0.0,0.011,0.0,0.0222,0.0,0.1364,0.0
Cohort_n_100,Regret,HERA,300,0.0,0.0,0.0,0.0,0.0,0.0,0.0,0.0,0.0,0.0,0.0
Cohort_n_100,CompensatoryError,HERA,300,0.0,0.0,0.0,0.0,0.0,0.0,0.0,0.0,0.0,0.0,0.0
Cohort_n_100,RankDisplacement,HERA,300,0.0688,0.1042,0.0,0.1429,0.0,0.1429,0.0,0.2857,0.0,0.8333,0.0
Cohort_n_100,TopChoiceRankRegret,HERA,300,0.0,0.0,0.0,0.0,0.0,0.0,0.0,0.0,0.0,0.0,0.0
Cohort_n_100,Observed_Cliffs_d_M1,HERA,300,-0.2182,0.0737,-0.2169,0.0993,-0.2686,-0.1694,-0.3635,-0.0816,-0.3942,0.0096,0.0
Cohort_n_100,Observed_Cliffs_d_M2,HERA,300,0.785,0.0422,0.7862,0.0545,0.7579,0.8124,0.6931,0.8672,0.6376,0.917,0.0
Cohort_n_100,Observed_Delta_M1,HERA,300,-1.5679,0.5248,-1.5452,0.6695,-1.901,-1.2315,-2.6127,-0.5969,-3.1544,0.123,0.0
Cohort_n_100,Observed_Delta_M2,HERA,300,7.0076,0.5424,6.984,0.7149,6.6502,7.3651,5.8785,8.0159,5.1635,8.4118,0.0
Cohort_n_100,Observed_Median_Cliffs_d,HERA,300,0.4948,0.0389,0.4929,0.0546,0.467,0.5216,0.4261,0.5683,0.3976,0.598,0.0
Cohort_n_100,TopChoice,TOPSIS,300,1.0,0.0,1.0,0.0,1.0,1.0,1.0,1.0,1.0,1.0,0.0
Cohort_n_100,CompleteRank,TOPSIS,300,0.2567,0.4375,0.0,1.0,0.0,1.0,0.0,1.0,0.0,1.0,0.0
Cohort_n_100,KendallTau,TOPSIS,300,0.9568,0.0358,0.956,0.0606,0.9394,1.0,0.8788,1.0,0.8242,1.0,0.0
Cohort_n_100,SpearmanRho,TOPSIS,300,0.9882,0.0115,0.9912,0.0176,0.9824,1.0,0.957,1.0,0.9341,1.0,0.0
Cohort_n_100,FalseSuperiority,TOPSIS,300,0.0216,0.0179,0.022,0.0303,0.0,0.0303,0.0,0.0606,0.0,0.0879,0.0
Cohort_n_100,Regret,TOPSIS,300,0.0,0.0,0.0,0.0,0.0,0.0,0.0,0.0,0.0,0.0,0.0
Cohort_n_100,CompensatoryError,TOPSIS,300,0.0,0.0,0.0,0.0,0.0,0.0,0.0,0.0,0.0,0.0,0.0
Cohort_n_100,RankDisplacement,TOPSIS,300,0.2383,0.1978,0.2,0.3333,0.0,0.3333,0.0,0.7143,0.0,1.0,0.0
Cohort_n_100,TopChoiceRankRegret,TOPSIS,300,0.0,0.0,0.0,0.0,0.0,0.0,0.0,0.0,0.0,0.0,0.0
Cohort_n_100,Observed_Cliffs_d_M1,TOPSIS,300,-0.2182,0.0737,-0.2169,0.0993,-0.2686,-0.1694,-0.3635,-0.0816,-0.3942,0.0096,0.0
Cohort_n_100,Observed_Cliffs_d_M2,TOPSIS,300,0.785,0.0422,0.7862,0.0545,0.7579,0.8124,0.6931,0.8672,0.6376,0.917,0.0
Cohort_n_100,Observed_Delta_M1,TOPSIS,300,-1.5679,0.5248,-1.5452,0.6695,-1.901,-1.2315,-2.6127,-0.5969,-3.1544,0.123,0.0
Cohort_n_100,Observed_Delta_M2,TOPSIS,300,7.0076,0.5424,6.984,0.7149,6.6502,7.3651,5.8785,8.0159,5.1635,8.4118,0.0
Cohort_n_100,Observed_Median_Cliffs_d,TOPSIS,300,0.4948,0.0389,0.4929,0.0546,0.467,0.5216,0.4261,0.5683,0.3976,0.598,0.0
Cohort_n_100,TopChoice,Borda,300,0.4467,0.498,0.0,1.0,0.0,1.0,0.0,1.0,0.0,1.0,0.0
Cohort_n_100,CompleteRank,Borda,300,0.0,0.0,0.0,0.0,0.0,0.0,0.0,0.0,0.0,0.0,0.0
Cohort_n_100,KendallTau,Borda,300,0.5741,0.0924,0.5758,0.1212,0.5152,0.6364,0.4,0.7333,0.2747,0.8222,0.0
Cohort_n_100,SpearmanRho,Borda,300,0.7436,0.0778,0.7455,0.0985,0.6987,0.7972,0.5678,0.8788,0.5165,0.9273,0.0
Cohort_n_100,FalseSuperiority,Borda,300,0.2129,0.0462,0.2121,0.0606,0.1818,0.2424,0.1333,0.3,0.0889,0.3626,0.0
Cohort_n_100,Regret,Borda,300,-0.4133,1.0341,0.0,1.5,-1.5,0.0,-1.5,2.5,-1.5,2.5,0.0
Cohort_n_100,CompensatoryError,Borda,300,0.4267,0.4954,0.0,1.0,0.0,1.0,0.0,1.0,0.0,1.0,0.0
Cohort_n_100,RankDisplacement,Borda,300,1.8823,0.4883,1.8333,0.6131,1.5536,2.1667,1.0,2.8571,0.8,3.1429,0.0
Cohort_n_100,TopChoiceRankRegret,Borda,300,0.8367,1.0133,1.0,1.0,0.0,1.0,0.0,3.0,0.0,5.0,0.0
Cohort_n_100,Observed_Cliffs_d_M1,Borda,300,-0.2182,0.0737,-0.2169,0.0993,-0.2686,-0.1694,-0.3635,-0.0816,-0.3942,0.0096,0.0
Cohort_n_100,Observed_Cliffs_d_M2,Borda,300,0.785,0.0422,0.7862,0.0545,0.7579,0.8124,0.6931,0.8672,0.6376,0.917,0.0
Cohort_n_100,Observed_Delta_M1,Borda,300,-1.5679,0.5248,-1.5452,0.6695,-1.901,-1.2315,-2.6127,-0.5969,-3.1544,0.123,0.0
Cohort_n_100,Observed_Delta_M2,Borda,300,7.0076,0.5424,6.984,0.7149,6.6502,7.3651,5.8785,8.0159,5.1635,8.4118,0.0
Cohort_n_100,Observed_Median_Cliffs_d,Borda,300,0.4948,0.0389,0.4929,0.0546,0.467,0.5216,0.4261,0.5683,0.3976,0.598,0.0
Cohort_n_100,TopChoice,Wilcoxon-Copeland,300,0.5133,0.5007,1.0,1.0,0.0,1.0,0.0,1.0,0.0,1.0,0.0
Cohort_n_100,CompleteRank,Wilcoxon-Copeland,300,0.0,0.0,0.0,0.0,0.0,0.0,0.0,0.0,0.0,0.0,0.0
Cohort_n_100,KendallTau,Wilcoxon-Copeland,300,0.758,0.0389,0.7582,0.0469,0.7333,0.7802,0.6889,0.8242,0.6364,0.8462,0.0
Cohort_n_100,SpearmanRho,Wilcoxon-Copeland,300,0.8503,0.0296,0.8462,0.036,0.8322,0.8681,0.7937,0.9152,0.7818,0.9152,0.0
Cohort_n_100,FalseSuperiority,Wilcoxon-Copeland,300,0.121,0.0194,0.1209,0.0234,0.1099,0.1333,0.0879,0.1556,0.0769,0.1818,0.0
Cohort_n_100,Regret,Wilcoxon-Copeland,300,-0.6967,0.7713,0.0,1.5,-1.5,0.0,-1.5,0.0,-1.5,1.0,0.0
Cohort_n_100,CompensatoryError,Wilcoxon-Copeland,300,0.58,0.4944,1.0,1.0,0.0,1.0,0.0,1.0,0.0,1.0,0.0
Cohort_n_100,RankDisplacement,Wilcoxon-Copeland,300,1.2146,0.1804,1.2,0.1905,1.1429,1.3333,0.8,1.5714,0.8,1.7143,0.0
Cohort_n_100,TopChoiceRankRegret,Wilcoxon-Copeland,300,0.5133,0.5753,0.0,1.0,0.0,1.0,0.0,1.0,0.0,3.0,0.0
Cohort_n_100,Observed_Cliffs_d_M1,Wilcoxon-Copeland,300,-0.2182,0.0737,-0.2169,0.0993,-0.2686,-0.1694,-0.3635,-0.0816,-0.3942,0.0096,0.0
Cohort_n_100,Observed_Cliffs_d_M2,Wilcoxon-Copeland,300,0.785,0.0422,0.7862,0.0545,0.7579,0.8124,0.6931,0.8672,0.6376,0.917,0.0
Cohort_n_100,Observed_Delta_M1,Wilcoxon-Copeland,300,-1.5679,0.5248,-1.5452,0.6695,-1.901,-1.2315,-2.6127,-0.5969,-3.1544,0.123,0.0
Cohort_n_100,Observed_Delta_M2,Wilcoxon-Copeland,300,7.0076,0.5424,6.984,0.7149,6.6502,7.3651,5.8785,8.0159,5.1635,8.4118,0.0
Cohort_n_100,Observed_Median_Cliffs_d,Wilcoxon-Copeland,300,0.4948,0.0389,0.4929,0.0546,0.467,0.5216,0.4261,0.5683,0.3976,0.598,0.0
Effect_Small,TopChoice,HERA,100,1.0,0.0,1.0,0.0,1.0,1.0,1.0,1.0,1.0,1.0,0.0
Effect_Small,CompleteRank,HERA,100,0.05,0.219,0.0,0.0,0.0,0.0,0.0,1.0,0.0,1.0,0.0
Effect_Small,KendallTau,HERA,100,0.9109,0.0413,0.9091,0.0606,0.8788,0.9394,0.8485,1.0,0.8182,1.0,0.0
Effect_Small,SpearmanRho,HERA,100,0.9671,0.0191,0.9685,0.028,0.951,0.979,0.9297,1.0,0.9231,1.0,0.0
Effect_Small,FalseSuperiority,HERA,100,0.0445,0.0206,0.0455,0.0303,0.0303,0.0606,0.0,0.0758,0.0,0.0909,0.0
Effect_Small,Regret,HERA,100,0.0,0.0,0.0,0.0,0.0,0.0,0.0,0.0,0.0,0.0,0.0
Effect_Small,CompensatoryError,HERA,100,0.0,0.0,0.0,0.0,0.0,0.0,0.0,0.0,0.0,0.0,0.0
Effect_Small,RankDisplacement,HERA,100,0.4433,0.1999,0.5,0.1667,0.3333,0.5,0.0,0.8333,0.0,0.8333,0.0
Effect_Small,TopChoiceRankRegret,HERA,100,0.0,0.0,0.0,0.0,0.0,0.0,0.0,0.0,0.0,0.0,0.0
Effect_Small,Observed_Cliffs_d_M1,HERA,100,-0.2155,0.1153,-0.2272,0.1708,-0.3,-0.1292,-0.4135,0.0124,-0.5272,0.0672,0.0
Effect_Small,Observed_Cliffs_d_M2,HERA,100,0.7812,0.0607,0.7868,0.0808,0.7424,0.8232,0.6662,0.8925,0.5952,0.9304,0.0
Effect_Small,Observed_Delta_M1,HERA,100,-1.5632,0.8347,-1.5758,1.0221,-2.1062,-1.0841,-2.9404,-0.0156,-3.9732,0.3601,0.0
Effect_Small,Observed_Delta_M2,HERA,100,7.0152,0.6967,6.9642,0.9497,6.5699,7.5196,5.4542,8.2426,5.4082,8.6118,0.0
Effect_Small,Observed_Median_Cliffs_d,HERA,100,0.3733,0.0299,0.3704,0.0385,0.3535,0.392,0.3211,0.4258,0.3128,0.4568,0.0
Effect_Small,TopChoice,TOPSIS,100,1.0,0.0,1.0,0.0,1.0,1.0,1.0,1.0,1.0,1.0,0.0
Effect_Small,CompleteRank,TOPSIS,100,0.04,0.1969,0.0,0.0,0.0,0.0,0.0,1.0,0.0,1.0,0.0
Effect_Small,KendallTau,TOPSIS,100,0.9176,0.0409,0.9091,0.0379,0.9015,0.9394,0.8326,1.0,0.7879,1.0,0.0
Effect_Small,SpearmanRho,TOPSIS,100,0.9744,0.016,0.979,0.021,0.965,0.986,0.9334,1.0,0.9161,1.0,0.0
Effect_Small,FalseSuperiority,TOPSIS,100,0.0412,0.0204,0.0455,0.0189,0.0303,0.0492,0.0,0.0837,0.0,0.1061,0.0
Effect_Small,Regret,TOPSIS,100,0.0,0.0,0.0,0.0,0.0,0.0,0.0,0.0,0.0,0.0,0.0
Effect_Small,CompensatoryError,TOPSIS,100,0.0,0.0,0.0,0.0,0.0,0.0,0.0,0.0,0.0,0.0,0.0
Effect_Small,RankDisplacement,TOPSIS,100,0.4333,0.2024,0.5,0.1667,0.3333,0.5,0.0,0.8333,0.0,1.0,0.0
Effect_Small,TopChoiceRankRegret,TOPSIS,100,0.0,0.0,0.0,0.0,0.0,0.0,0.0,0.0,0.0,0.0,0.0
Effect_Small,Observed_Cliffs_d_M1,TOPSIS,100,-0.2155,0.1153,-0.2272,0.1708,-0.3,-0.1292,-0.4135,0.0124,-0.5272,0.0672,0.0
Effect_Small,Observed_Cliffs_d_M2,TOPSIS,100,0.7812,0.0607,0.7868,0.0808,0.7424,0.8232,0.6662,0.8925,0.5952,0.9304,0.0
Effect_Small,Observed_Delta_M1,TOPSIS,100,-1.5632,0.8347,-1.5758,1.0221,-2.1062,-1.0841,-2.9404,-0.0156,-3.9732,0.3601,0.0
Effect_Small,Observed_Delta_M2,TOPSIS,100,7.0152,0.6967,6.9642,0.9497,6.5699,7.5196,5.4542,8.2426,5.4082,8.6118,0.0
Effect_Small,Observed_Median_Cliffs_d,TOPSIS,100,0.3733,0.0299,0.3704,0.0385,0.3535,0.392,0.3211,0.4258,0.3128,0.4568,0.0
Effect_Small,TopChoice,Borda,100,0.41,0.4943,0.0,1.0,0.0,1.0,0.0,1.0,0.0,1.0,0.0
Effect_Small,CompleteRank,Borda,100,0.0,0.0,0.0,0.0,0.0,0.0,0.0,0.0,0.0,0.0,0.0
Effect_Small,KendallTau,Borda,100,0.56,0.0866,0.5758,0.1212,0.4848,0.6061,0.4083,0.7273,0.3636,0.7576,0.0
Effect_Small,SpearmanRho,Borda,100,0.7319,0.0784,0.7378,0.1119,0.6853,0.7972,0.5764,0.8645,0.5035,0.9021,0.0
Effect_Small,FalseSuperiority,Borda,100,0.22,0.0433,0.2121,0.0606,0.197,0.2576,0.1364,0.2958,0.1212,0.3182,0.0
Effect_Small,Regret,Borda,100,-0.44,1.05,0.0,1.5,-1.5,0.0,-1.5,1.7875,-1.5,2.5,0.0
Effect_Small,CompensatoryError,Borda,100,0.52,0.5021,1.0,1.0,0.0,1.0,0.0,1.0,0.0,1.0,0.0
Effect_Small,RankDisplacement,Borda,100,1.91,0.3801,1.9167,0.5,1.6667,2.1667,1.1667,2.6667,1.0,2.8333,0.0
Effect_Small,TopChoiceRankRegret,Borda,100,0.97,1.193,1.0,1.0,0.0,1.0,0.0,4.0,0.0,5.0,0.0
Effect_Small,Observed_Cliffs_d_M1,Borda,100,-0.2155,0.1153,-0.2272,0.1708,-0.3,-0.1292,-0.4135,0.0124,-0.5272,0.0672,0.0
Effect_Small,Observed_Cliffs_d_M2,Borda,100,0.7812,0.0607,0.7868,0.0808,0.7424,0.8232,0.6662,0.8925,0.5952,0.9304,0.0
Effect_Small,Observed_Delta_M1,Borda,100,-1.5632,0.8347,-1.5758,1.0221,-2.1062,-1.0841,-2.9404,-0.0156,-3.9732,0.3601,0.0
Effect_Small,Observed_Delta_M2,Borda,100,7.0152,0.6967,6.9642,0.9497,6.5699,7.5196,5.4542,8.2426,5.4082,8.6118,0.0
Effect_Small,Observed_Median_Cliffs_d,Borda,100,0.3733,0.0299,0.3704,0.0385,0.3535,0.392,0.3211,0.4258,0.3128,0.4568,0.0
Effect_Small,TopChoice,Wilcoxon-Copeland,100,0.73,0.4462,1.0,1.0,0.0,1.0,0.0,1.0,0.0,1.0,0.0
Effect_Small,CompleteRank,Wilcoxon-Copeland,100,0.0,0.0,0.0,0.0,0.0,0.0,0.0,0.0,0.0,0.0,0.0
Effect_Small,KendallTau,Wilcoxon-Copeland,100,0.7306,0.0485,0.7273,0.0606,0.697,0.7576,0.6364,0.8182,0.5758,0.8485,0.0
Effect_Small,SpearmanRho,Wilcoxon-Copeland,100,0.829,0.0408,0.8322,0.0629,0.7972,0.8601,0.7376,0.8951,0.7063,0.9021,0.0
Effect_Small,FalseSuperiority,Wilcoxon-Copeland,100,0.1347,0.0243,0.1364,0.0303,0.1212,0.1515,0.0909,0.1818,0.0758,0.2121,0.0
Effect_Small,Regret,Wilcoxon-Copeland,100,-0.33,0.6825,0.0,0.0,0.0,0.0,-1.5,0.525,-1.5,1.0,0.0
Effect_Small,CompensatoryError,Wilcoxon-Copeland,100,0.65,0.4794,1.0,1.0,0.0,1.0,0.0,1.0,0.0,1.0,0.0
Effect_Small,RankDisplacement,Wilcoxon-Copeland,100,1.285,0.2083,1.3333,0.1667,1.1667,1.3333,0.9125,1.6667,0.8333,1.8333,0.0
Effect_Small,TopChoiceRankRegret,Wilcoxon-Copeland,100,0.33,0.6365,0.0,1.0,0.0,1.0,0.0,2.05,0.0,3.0,0.0
Effect_Small,Observed_Cliffs_d_M1,Wilcoxon-Copeland,100,-0.2155,0.1153,-0.2272,0.1708,-0.3,-0.1292,-0.4135,0.0124,-0.5272,0.0672,0.0
Effect_Small,Observed_Cliffs_d_M2,Wilcoxon-Copeland,100,0.7812,0.0607,0.7868,0.0808,0.7424,0.8232,0.6662,0.8925,0.5952,0.9304,0.0
Effect_Small,Observed_Delta_M1,Wilcoxon-Copeland,100,-1.5632,0.8347,-1.5758,1.0221,-2.1062,-1.0841,-2.9404,-0.0156,-3.9732,0.3601,0.0
Effect_Small,Observed_Delta_M2,Wilcoxon-Copeland,100,7.0152,0.6967,6.9642,0.9497,6.5699,7.5196,5.4542,8.2426,5.4082,8.6118,0.0
Effect_Small,Observed_Median_Cliffs_d,Wilcoxon-Copeland,100,0.3733,0.0299,0.3704,0.0385,0.3535,0.392,0.3211,0.4258,0.3128,0.4568,0.0
Effect_Medium,TopChoice,HERA,100,1.0,0.0,1.0,0.0,1.0,1.0,1.0,1.0,1.0,1.0,0.0
Effect_Medium,CompleteRank,HERA,100,0.51,0.5024,1.0,1.0,0.0,1.0,0.0,1.0,0.0,1.0,0.0
Effect_Medium,KendallTau,HERA,100,0.9797,0.0331,1.0,0.0303,0.9697,1.0,0.9235,1.0,0.7273,1.0,0.0
Effect_Medium,SpearmanRho,HERA,100,0.9938,0.0193,1.0,0.007,0.993,1.0,0.9753,1.0,0.8112,1.0,0.0
Effect_Medium,FalseSuperiority,HERA,100,0.0102,0.0165,0.0,0.0152,0.0,0.0152,0.0,0.0383,0.0,0.1364,0.0
Effect_Medium,Regret,HERA,100,0.0,0.0,0.0,0.0,0.0,0.0,0.0,0.0,0.0,0.0,0.0
Effect_Medium,CompensatoryError,HERA,100,0.0,0.0,0.0,0.0,0.0,0.0,0.0,0.0,0.0,0.0,0.0
Effect_Medium,RankDisplacement,HERA,100,0.105,0.1434,0.0,0.1667,0.0,0.1667,0.0,0.3333,0.0,1.0,0.0
Effect_Medium,TopChoiceRankRegret,HERA,100,0.0,0.0,0.0,0.0,0.0,0.0,0.0,0.0,0.0,0.0,0.0
Effect_Medium,Observed_Cliffs_d_M1,HERA,100,-0.2043,0.1148,-0.2052,0.1534,-0.2836,-0.1302,-0.4444,-0.0228,-0.4672,0.132,0.0
Effect_Medium,Observed_Cliffs_d_M2,HERA,100,0.7856,0.0605,0.7876,0.0736,0.7484,0.822,0.6591,0.8813,0.6064,0.9384,0.0
Effect_Medium,Observed_Delta_M1,HERA,100,-1.4278,0.8178,-1.4113,1.1494,-2.0042,-0.8548,-3.1414,-0.0484,-3.4436,0.7112,0.0
Effect_Medium,Observed_Delta_M2,HERA,100,7.1135,0.8311,7.1096,1.1816,6.4748,7.6564,5.7488,8.9682,5.4457,9.8953,0.0
Effect_Medium,Observed_Median_Cliffs_d,HERA,100,0.4953,0.0308,0.494,0.0361,0.4764,0.5125,0.4345,0.5524,0.4088,0.564,0.0
Effect_Medium,TopChoice,TOPSIS,100,1.0,0.0,1.0,0.0,1.0,1.0,1.0,1.0,1.0,1.0,0.0
Effect_Medium,CompleteRank,TOPSIS,100,0.06,0.2387,0.0,0.0,0.0,0.0,0.0,1.0,0.0,1.0,0.0
Effect_Medium,KendallTau,TOPSIS,100,0.9155,0.0499,0.9091,0.0606,0.8788,0.9394,0.7879,1.0,0.7576,1.0,0.0
Effect_Medium,SpearmanRho,TOPSIS,100,0.9729,0.0211,0.972,0.021,0.965,0.986,0.9194,1.0,0.8881,1.0,0.0
Effect_Medium,FalseSuperiority,TOPSIS,100,0.0423,0.025,0.0455,0.0303,0.0303,0.0606,0.0,0.1061,0.0,0.1212,0.0
Effect_Medium,Regret,TOPSIS,100,0.0,0.0,0.0,0.0,0.0,0.0,0.0,0.0,0.0,0.0,0.0
Effect_Medium,CompensatoryError,TOPSIS,100,0.0,0.0,0.0,0.0,0.0,0.0,0.0,0.0,0.0,0.0,0.0
Effect_Medium,RankDisplacement,TOPSIS,100,0.4267,0.2337,0.4167,0.1667,0.3333,0.5,0.0,0.8333,0.0,1.1667,0.0
Effect_Medium,TopChoiceRankRegret,TOPSIS,100,0.0,0.0,0.0,0.0,0.0,0.0,0.0,0.0,0.0,0.0,0.0
Effect_Medium,Observed_Cliffs_d_M1,TOPSIS,100,-0.2043,0.1148,-0.2052,0.1534,-0.2836,-0.1302,-0.4444,-0.0228,-0.4672,0.132,0.0
Effect_Medium,Observed_Cliffs_d_M2,TOPSIS,100,0.7856,0.0605,0.7876,0.0736,0.7484,0.822,0.6591,0.8813,0.6064,0.9384,0.0
Effect_Medium,Observed_Delta_M1,TOPSIS,100,-1.4278,0.8178,-1.4113,1.1494,-2.0042,-0.8548,-3.1414,-0.0484,-3.4436,0.7112,0.0
Effect_Medium,Observed_Delta_M2,TOPSIS,100,7.1135,0.8311,7.1096,1.1816,6.4748,7.6564,5.7488,8.9682,5.4457,9.8953,0.0
Effect_Medium,Observed_Median_Cliffs_d,TOPSIS,100,0.4953,0.0308,0.494,0.0361,0.4764,0.5125,0.4345,0.5524,0.4088,0.564,0.0
Effect_Medium,TopChoice,Borda,100,0.38,0.4878,0.0,1.0,0.0,1.0,0.0,1.0,0.0,1.0,0.0
Effect_Medium,CompleteRank,Borda,100,0.0,0.0,0.0,0.0,0.0,0.0,0.0,0.0,0.0,0.0,0.0
Effect_Medium,KendallTau,Borda,100,0.5845,0.1002,0.5758,0.1212,0.5152,0.6364,0.3939,0.7735,0.3333,0.7879,0.0
Effect_Medium,SpearmanRho,Borda,100,0.7506,0.0789,0.7483,0.1136,0.6976,0.8112,0.5941,0.8918,0.4825,0.9021,0.0
Effect_Medium,FalseSuperiority,Borda,100,0.2077,0.0501,0.2121,0.0606,0.1818,0.2424,0.1133,0.303,0.1061,0.3333,0.0
Effect_Medium,Regret,Borda,100,-0.465,1.0082,0.0,1.5,-1.5,0.0,-1.5,1.0,-1.5,2.5,0.0
Effect_Medium,CompensatoryError,Borda,100,0.41,0.4943,0.0,1.0,0.0,1.0,0.0,1.0,0.0,1.0,0.0
Effect_Medium,RankDisplacement,Borda,100,1.835,0.3749,1.8333,0.5417,1.625,2.1667,1.1667,2.5875,1.0,2.6667,0.0
Effect_Medium,TopChoiceRankRegret,Borda,100,0.99,1.0871,1.0,1.0,0.0,1.0,0.0,3.0,0.0,4.0,0.0
Effect_Medium,Observed_Cliffs_d_M1,Borda,100,-0.2043,0.1148,-0.2052,0.1534,-0.2836,-0.1302,-0.4444,-0.0228,-0.4672,0.132,0.0
Effect_Medium,Observed_Cliffs_d_M2,Borda,100,0.7856,0.0605,0.7876,0.0736,0.7484,0.822,0.6591,0.8813,0.6064,0.9384,0.0
Effect_Medium,Observed_Delta_M1,Borda,100,-1.4278,0.8178,-1.4113,1.1494,-2.0042,-0.8548,-3.1414,-0.0484,-3.4436,0.7112,0.0
Effect_Medium,Observed_Delta_M2,Borda,100,7.1135,0.8311,7.1096,1.1816,6.4748,7.6564,5.7488,8.9682,5.4457,9.8953,0.0
Effect_Medium,Observed_Median_Cliffs_d,Borda,100,0.4953,0.0308,0.494,0.0361,0.4764,0.5125,0.4345,0.5524,0.4088,0.564,0.0
Effect_Medium,TopChoice,Wilcoxon-Copeland,100,0.63,0.4852,1.0,1.0,0.0,1.0,0.0,1.0,0.0,1.0,0.0
Effect_Medium,CompleteRank,Wilcoxon-Copeland,100,0.0,0.0,0.0,0.0,0.0,0.0,0.0,0.0,0.0,0.0,0.0
Effect_Medium,KendallTau,Wilcoxon-Copeland,100,0.7455,0.0458,0.7576,0.0606,0.7273,0.7879,0.6364,0.8182,0.6061,0.8182,0.0
Effect_Medium,SpearmanRho,Wilcoxon-Copeland,100,0.8386,0.0337,0.8392,0.0367,0.8252,0.8619,0.7726,0.8951,0.7552,0.9091,0.0
Effect_Medium,FalseSuperiority,Wilcoxon-Copeland,100,0.1273,0.0229,0.1212,0.0303,0.1061,0.1364,0.0909,0.1818,0.0909,0.197,0.0
Effect_Medium,Regret,Wilcoxon-Copeland,100,-0.53,0.7379,0.0,1.5,-1.5,0.0,-1.5,0.0,-1.5,1.0,0.0
Effect_Medium,CompensatoryError,Wilcoxon-Copeland,100,0.7,0.4606,1.0,1.0,0.0,1.0,0.0,1.0,0.0,1.0,0.0
Effect_Medium,RankDisplacement,Wilcoxon-Copeland,100,1.26,0.1647,1.1667,0.1667,1.1667,1.3333,1.0,1.5875,1.0,1.6667,0.0
Effect_Medium,TopChoiceRankRegret,Wilcoxon-Copeland,100,0.39,0.5486,0.0,1.0,0.0,1.0,0.0,1.0,0.0,3.0,0.0
Effect_Medium,Observed_Cliffs_d_M1,Wilcoxon-Copeland,100,-0.2043,0.1148,-0.2052,0.1534,-0.2836,-0.1302,-0.4444,-0.0228,-0.4672,0.132,0.0
Effect_Medium,Observed_Cliffs_d_M2,Wilcoxon-Copeland,100,0.7856,0.0605,0.7876,0.0736,0.7484,0.822,0.6591,0.8813,0.6064,0.9384,0.0
Effect_Medium,Observed_Delta_M1,Wilcoxon-Copeland,100,-1.4278,0.8178,-1.4113,1.1494,-2.0042,-0.8548,-3.1414,-0.0484,-3.4436,0.7112,0.0
Effect_Medium,Observed_Delta_M2,Wilcoxon-Copeland,100,7.1135,0.8311,7.1096,1.1816,6.4748,7.6564,5.7488,8.9682,5.4457,9.8953,0.0
Effect_Medium,Observed_Median_Cliffs_d,Wilcoxon-Copeland,100,0.4953,0.0308,0.494,0.0361,0.4764,0.5125,0.4345,0.5524,0.4088,0.564,0.0
Effect_Large,TopChoice,HERA,100,1.0,0.0,1.0,0.0,1.0,1.0,1.0,1.0,1.0,1.0,0.0
Effect_Large,CompleteRank,HERA,100,0.57,0.4976,1.0,1.0,0.0,1.0,0.0,1.0,0.0,1.0,0.0
Effect_Large,KendallTau,HERA,100,0.9842,0.0204,1.0,0.0303,0.9697,1.0,0.9394,1.0,0.9091,1.0,0.0
Effect_Large,SpearmanRho,HERA,100,0.996,0.0059,1.0,0.007,0.993,1.0,0.979,1.0,0.965,1.0,0.0
Effect_Large,FalseSuperiority,HERA,100,0.0079,0.0102,0.0,0.0152,0.0,0.0152,0.0,0.0303,0.0,0.0455,0.0
Effect_Large,Regret,HERA,100,0.0,0.0,0.0,0.0,0.0,0.0,0.0,0.0,0.0,0.0,0.0
Effect_Large,CompensatoryError,HERA,100,0.0,0.0,0.0,0.0,0.0,0.0,0.0,0.0,0.0,0.0,0.0
Effect_Large,RankDisplacement,HERA,100,0.0867,0.1123,0.0,0.1667,0.0,0.1667,0.0,0.3333,0.0,0.5,0.0
Effect_Large,TopChoiceRankRegret,HERA,100,0.0,0.0,0.0,0.0,0.0,0.0,0.0,0.0,0.0,0.0,0.0
Effect_Large,Observed_Cliffs_d_M1,HERA,100,-0.1983,0.0995,-0.1864,0.1472,-0.2768,-0.1296,-0.3714,-0.0061,-0.396,0.0536,0.0
Effect_Large,Observed_Cliffs_d_M2,HERA,100,0.7932,0.0635,0.8,0.084,0.7568,0.8408,0.6627,0.888,0.62,0.8928,0.0
Effect_Large,Observed_Delta_M1,HERA,100,-1.4222,0.7176,-1.3683,0.9621,-1.906,-0.944,-2.807,-0.05,-2.9938,0.4163,0.0
Effect_Large,Observed_Delta_M2,HERA,100,7.1225,0.7916,7.1609,1.0912,6.5132,7.6044,5.6257,8.7814,5.0588,9.2107,0.0
Effect_Large,Observed_Median_Cliffs_d,HERA,100,0.5041,0.0335,0.507,0.0362,0.4855,0.5217,0.433,0.5712,0.4172,0.5936,0.0
Effect_Large,TopChoice,TOPSIS,100,1.0,0.0,1.0,0.0,1.0,1.0,1.0,1.0,1.0,1.0,0.0
Effect_Large,CompleteRank,TOPSIS,100,0.03,0.1714,0.0,0.0,0.0,0.0,0.0,0.525,0.0,1.0,0.0
Effect_Large,KendallTau,TOPSIS,100,0.913,0.0459,0.9091,0.0606,0.8788,0.9394,0.8182,0.9856,0.7273,1.0,0.0
Effect_Large,SpearmanRho,TOPSIS,100,0.971,0.0236,0.9755,0.021,0.965,0.986,0.9161,0.9967,0.8252,1.0,0.0
Effect_Large,FalseSuperiority,TOPSIS,100,0.0435,0.023,0.0455,0.0303,0.0303,0.0606,0.0072,0.0909,0.0,0.1364,0.0
Effect_Large,Regret,TOPSIS,100,0.0,0.0,0.0,0.0,0.0,0.0,0.0,0.0,0.0,0.0,0.0
Effect_Large,CompensatoryError,TOPSIS,100,0.0,0.0,0.0,0.0,0.0,0.0,0.0,0.0,0.0,0.0,0.0
Effect_Large,RankDisplacement,TOPSIS,100,0.4383,0.2127,0.5,0.1667,0.3333,0.5,0.0792,0.8333,0.0,1.3333,0.0
Effect_Large,TopChoiceRankRegret,TOPSIS,100,0.0,0.0,0.0,0.0,0.0,0.0,0.0,0.0,0.0,0.0,0.0
Effect_Large,Observed_Cliffs_d_M1,TOPSIS,100,-0.1983,0.0995,-0.1864,0.1472,-0.2768,-0.1296,-0.3714,-0.0061,-0.396,0.0536,0.0
Effect_Large,Observed_Cliffs_d_M2,TOPSIS,100,0.7932,0.0635,0.8,0.084,0.7568,0.8408,0.6627,0.888,0.62,0.8928,0.0
Effect_Large,Observed_Delta_M1,TOPSIS,100,-1.4222,0.7176,-1.3683,0.9621,-1.906,-0.944,-2.807,-0.05,-2.9938,0.4163,0.0
Effect_Large,Observed_Delta_M2,TOPSIS,100,7.1225,0.7916,7.1609,1.0912,6.5132,7.6044,5.6257,8.7814,5.0588,9.2107,0.0
Effect_Large,Observed_Median_Cliffs_d,TOPSIS,100,0.5041,0.0335,0.507,0.0362,0.4855,0.5217,0.433,0.5712,0.4172,0.5936,0.0
Effect_Large,TopChoice,Borda,100,0.38,0.4878,0.0,1.0,0.0,1.0,0.0,1.0,0.0,1.0,0.0
Effect_Large,CompleteRank,Borda,100,0.0,0.0,0.0,0.0,0.0,0.0,0.0,0.0,0.0,0.0,0.0
Effect_Large,KendallTau,Borda,100,0.5594,0.0997,0.5758,0.1212,0.5152,0.6364,0.3333,0.7273,0.2727,0.7879,0.0
Effect_Large,SpearmanRho,Borda,100,0.7356,0.0861,0.7413,0.1119,0.6923,0.8042,0.5591,0.8708,0.4266,0.8811,0.0
Effect_Large,FalseSuperiority,Borda,100,0.2203,0.0498,0.2121,0.0606,0.1818,0.2424,0.1364,0.3333,0.1061,0.3636,0.0
Effect_Large,Regret,Borda,100,-0.23,1.2681,0.0,1.5,-1.5,0.0,-1.5,2.5,-1.5,2.5,0.0
Effect_Large,CompensatoryError,Borda,100,0.37,0.4852,0.0,1.0,0.0,1.0,0.0,1.0,0.0,1.0,0.0
Effect_Large,RankDisplacement,Borda,100,1.9083,0.3938,1.8333,0.5,1.6667,2.1667,1.3333,2.5875,0.8333,2.8333,0.0
Effect_Large,TopChoiceRankRegret,Borda,100,0.97,1.0096,1.0,1.0,0.0,1.0,0.0,3.0,0.0,4.0,0.0
Effect_Large,Observed_Cliffs_d_M1,Borda,100,-0.1983,0.0995,-0.1864,0.1472,-0.2768,-0.1296,-0.3714,-0.0061,-0.396,0.0536,0.0
Effect_Large,Observed_Cliffs_d_M2,Borda,100,0.7932,0.0635,0.8,0.084,0.7568,0.8408,0.6627,0.888,0.62,0.8928,0.0
Effect_Large,Observed_Delta_M1,Borda,100,-1.4222,0.7176,-1.3683,0.9621,-1.906,-0.944,-2.807,-0.05,-2.9938,0.4163,0.0
Effect_Large,Observed_Delta_M2,Borda,100,7.1225,0.7916,7.1609,1.0912,6.5132,7.6044,5.6257,8.7814,5.0588,9.2107,0.0
Effect_Large,Observed_Median_Cliffs_d,Borda,100,0.5041,0.0335,0.507,0.0362,0.4855,0.5217,0.433,0.5712,0.4172,0.5936,0.0
Effect_Large,TopChoice,Wilcoxon-Copeland,100,0.63,0.4852,1.0,1.0,0.0,1.0,0.0,1.0,0.0,1.0,0.0
Effect_Large,CompleteRank,Wilcoxon-Copeland,100,0.0,0.0,0.0,0.0,0.0,0.0,0.0,0.0,0.0,0.0,0.0
Effect_Large,KendallTau,Wilcoxon-Copeland,100,0.75,0.0369,0.7576,0.0606,0.7273,0.7879,0.6667,0.7879,0.6364,0.8182,0.0
Effect_Large,SpearmanRho,Wilcoxon-Copeland,100,0.838,0.03,0.8392,0.021,0.8252,0.8462,0.7726,0.8848,0.7692,0.9091,0.0
Effect_Large,FalseSuperiority,Wilcoxon-Copeland,100,0.125,0.0184,0.1212,0.0303,0.1061,0.1364,0.1061,0.1667,0.0909,0.1818,0.0
Effect_Large,Regret,Wilcoxon-Copeland,100,-0.555,0.7279,0.0,1.5,-1.5,0.0,-1.5,0.0,-1.5,0.0,0.0
Effect_Large,CompensatoryError,Wilcoxon-Copeland,100,0.76,0.4292,1.0,0.0,1.0,1.0,0.0,1.0,0.0,1.0,0.0
Effect_Large,RankDisplacement,Wilcoxon-Copeland,100,1.25,0.135,1.1667,0.1667,1.1667,1.3333,1.0,1.5,1.0,1.6667,0.0
Effect_Large,TopChoiceRankRegret,Wilcoxon-Copeland,100,0.37,0.4852,0.0,1.0,0.0,1.0,0.0,1.0,0.0,1.0,0.0
Effect_Large,Observed_Cliffs_d_M1,Wilcoxon-Copeland,100,-0.1983,0.0995,-0.1864,0.1472,-0.2768,-0.1296,-0.3714,-0.0061,-0.396,0.0536,0.0
Effect_Large,Observed_Cliffs_d_M2,Wilcoxon-Copeland,100,0.7932,0.0635,0.8,0.084,0.7568,0.8408,0.6627,0.888,0.62,0.8928,0.0
Effect_Large,Observed_Delta_M1,Wilcoxon-Copeland,100,-1.4222,0.7176,-1.3683,0.9621,-1.906,-0.944,-2.807,-0.05,-2.9938,0.4163,0.0
Effect_Large,Observed_Delta_M2,Wilcoxon-Copeland,100,7.1225,0.7916,7.1609,1.0912,6.5132,7.6044,5.6257,8.7814,5.0588,9.2107,0.0
Effect_Large,Observed_Median_Cliffs_d,Wilcoxon-Copeland,100,0.5041,0.0335,0.507,0.0362,0.4855,0.5217,0.433,0.5712,0.4172,0.5936,0.0
Correlation_Independent,TopChoice,HERA,100,1.0,0.0,1.0,0.0,1.0,1.0,1.0,1.0,1.0,1.0,0.0
Correlation_Independent,CompleteRank,HERA,100,0.51,0.5024,1.0,1.0,0.0,1.0,0.0,1.0,0.0,1.0,0.0
Correlation_Independent,KendallTau,HERA,100,0.9797,0.0331,1.0,0.0303,0.9697,1.0,0.9235,1.0,0.7273,1.0,0.0
Correlation_Independent,SpearmanRho,HERA,100,0.9938,0.0193,1.0,0.007,0.993,1.0,0.9753,1.0,0.8112,1.0,0.0
Correlation_Independent,FalseSuperiority,HERA,100,0.0102,0.0165,0.0,0.0152,0.0,0.0152,0.0,0.0383,0.0,0.1364,0.0
Correlation_Independent,Regret,HERA,100,0.0,0.0,0.0,0.0,0.0,0.0,0.0,0.0,0.0,0.0,0.0
Correlation_Independent,CompensatoryError,HERA,100,0.0,0.0,0.0,0.0,0.0,0.0,0.0,0.0,0.0,0.0,0.0
Correlation_Independent,RankDisplacement,HERA,100,0.105,0.1434,0.0,0.1667,0.0,0.1667,0.0,0.3333,0.0,1.0,0.0
Correlation_Independent,TopChoiceRankRegret,HERA,100,0.0,0.0,0.0,0.0,0.0,0.0,0.0,0.0,0.0,0.0,0.0
Correlation_Independent,Observed_Cliffs_d_M1,HERA,100,-0.2043,0.1148,-0.2052,0.1534,-0.2836,-0.1302,-0.4444,-0.0228,-0.4672,0.132,0.0
Correlation_Independent,Observed_Cliffs_d_M2,HERA,100,0.7856,0.0605,0.7876,0.0736,0.7484,0.822,0.6591,0.8813,0.6064,0.9384,0.0
Correlation_Independent,Observed_Delta_M1,HERA,100,-1.4278,0.8178,-1.4113,1.1494,-2.0042,-0.8548,-3.1414,-0.0484,-3.4436,0.7112,0.0
Correlation_Independent,Observed_Delta_M2,HERA,100,7.1135,0.8311,7.1096,1.1816,6.4748,7.6564,5.7488,8.9682,5.4457,9.8953,0.0
Correlation_Independent,Observed_Median_Cliffs_d,HERA,100,0.4953,0.0308,0.494,0.0361,0.4764,0.5125,0.4345,0.5524,0.4088,0.564,0.0
Correlation_Independent,TopChoice,TOPSIS,100,1.0,0.0,1.0,0.0,1.0,1.0,1.0,1.0,1.0,1.0,0.0
Correlation_Independent,CompleteRank,TOPSIS,100,0.06,0.2387,0.0,0.0,0.0,0.0,0.0,1.0,0.0,1.0,0.0
Correlation_Independent,KendallTau,TOPSIS,100,0.9155,0.0499,0.9091,0.0606,0.8788,0.9394,0.7879,1.0,0.7576,1.0,0.0
Correlation_Independent,SpearmanRho,TOPSIS,100,0.9729,0.0211,0.972,0.021,0.965,0.986,0.9194,1.0,0.8881,1.0,0.0
Correlation_Independent,FalseSuperiority,TOPSIS,100,0.0423,0.025,0.0455,0.0303,0.0303,0.0606,0.0,0.1061,0.0,0.1212,0.0
Correlation_Independent,Regret,TOPSIS,100,0.0,0.0,0.0,0.0,0.0,0.0,0.0,0.0,0.0,0.0,0.0
Correlation_Independent,CompensatoryError,TOPSIS,100,0.0,0.0,0.0,0.0,0.0,0.0,0.0,0.0,0.0,0.0,0.0
Correlation_Independent,RankDisplacement,TOPSIS,100,0.4267,0.2337,0.4167,0.1667,0.3333,0.5,0.0,0.8333,0.0,1.1667,0.0
Correlation_Independent,TopChoiceRankRegret,TOPSIS,100,0.0,0.0,0.0,0.0,0.0,0.0,0.0,0.0,0.0,0.0,0.0
Correlation_Independent,Observed_Cliffs_d_M1,TOPSIS,100,-0.2043,0.1148,-0.2052,0.1534,-0.2836,-0.1302,-0.4444,-0.0228,-0.4672,0.132,0.0
Correlation_Independent,Observed_Cliffs_d_M2,TOPSIS,100,0.7856,0.0605,0.7876,0.0736,0.7484,0.822,0.6591,0.8813,0.6064,0.9384,0.0
Correlation_Independent,Observed_Delta_M1,TOPSIS,100,-1.4278,0.8178,-1.4113,1.1494,-2.0042,-0.8548,-3.1414,-0.0484,-3.4436,0.7112,0.0
Correlation_Independent,Observed_Delta_M2,TOPSIS,100,7.1135,0.8311,7.1096,1.1816,6.4748,7.6564,5.7488,8.9682,5.4457,9.8953,0.0
Correlation_Independent,Observed_Median_Cliffs_d,TOPSIS,100,0.4953,0.0308,0.494,0.0361,0.4764,0.5125,0.4345,0.5524,0.4088,0.564,0.0
Correlation_Independent,TopChoice,Borda,100,0.38,0.4878,0.0,1.0,0.0,1.0,0.0,1.0,0.0,1.0,0.0
Correlation_Independent,CompleteRank,Borda,100,0.0,0.0,0.0,0.0,0.0,0.0,0.0,0.0,0.0,0.0,0.0
Correlation_Independent,KendallTau,Borda,100,0.5845,0.1002,0.5758,0.1212,0.5152,0.6364,0.3939,0.7735,0.3333,0.7879,0.0
Correlation_Independent,SpearmanRho,Borda,100,0.7506,0.0789,0.7483,0.1136,0.6976,0.8112,0.5941,0.8918,0.4825,0.9021,0.0
Correlation_Independent,FalseSuperiority,Borda,100,0.2077,0.0501,0.2121,0.0606,0.1818,0.2424,0.1133,0.303,0.1061,0.3333,0.0
Correlation_Independent,Regret,Borda,100,-0.465,1.0082,0.0,1.5,-1.5,0.0,-1.5,1.0,-1.5,2.5,0.0
Correlation_Independent,CompensatoryError,Borda,100,0.41,0.4943,0.0,1.0,0.0,1.0,0.0,1.0,0.0,1.0,0.0
Correlation_Independent,RankDisplacement,Borda,100,1.835,0.3749,1.8333,0.5417,1.625,2.1667,1.1667,2.5875,1.0,2.6667,0.0
Correlation_Independent,TopChoiceRankRegret,Borda,100,0.99,1.0871,1.0,1.0,0.0,1.0,0.0,3.0,0.0,4.0,0.0
Correlation_Independent,Observed_Cliffs_d_M1,Borda,100,-0.2043,0.1148,-0.2052,0.1534,-0.2836,-0.1302,-0.4444,-0.0228,-0.4672,0.132,0.0
Correlation_Independent,Observed_Cliffs_d_M2,Borda,100,0.7856,0.0605,0.7876,0.0736,0.7484,0.822,0.6591,0.8813,0.6064,0.9384,0.0
Correlation_Independent,Observed_Delta_M1,Borda,100,-1.4278,0.8178,-1.4113,1.1494,-2.0042,-0.8548,-3.1414,-0.0484,-3.4436,0.7112,0.0
Correlation_Independent,Observed_Delta_M2,Borda,100,7.1135,0.8311,7.1096,1.1816,6.4748,7.6564,5.7488,8.9682,5.4457,9.8953,0.0
Correlation_Independent,Observed_Median_Cliffs_d,Borda,100,0.4953,0.0308,0.494,0.0361,0.4764,0.5125,0.4345,0.5524,0.4088,0.564,0.0
Correlation_Independent,TopChoice,Wilcoxon-Copeland,100,0.63,0.4852,1.0,1.0,0.0,1.0,0.0,1.0,0.0,1.0,0.0
Correlation_Independent,CompleteRank,Wilcoxon-Copeland,100,0.0,0.0,0.0,0.0,0.0,0.0,0.0,0.0,0.0,0.0,0.0
Correlation_Independent,KendallTau,Wilcoxon-Copeland,100,0.7455,0.0458,0.7576,0.0606,0.7273,0.7879,0.6364,0.8182,0.6061,0.8182,0.0
Correlation_Independent,SpearmanRho,Wilcoxon-Copeland,100,0.8386,0.0337,0.8392,0.0367,0.8252,0.8619,0.7726,0.8951,0.7552,0.9091,0.0
Correlation_Independent,FalseSuperiority,Wilcoxon-Copeland,100,0.1273,0.0229,0.1212,0.0303,0.1061,0.1364,0.0909,0.1818,0.0909,0.197,0.0
Correlation_Independent,Regret,Wilcoxon-Copeland,100,-0.53,0.7379,0.0,1.5,-1.5,0.0,-1.5,0.0,-1.5,1.0,0.0
Correlation_Independent,CompensatoryError,Wilcoxon-Copeland,100,0.7,0.4606,1.0,1.0,0.0,1.0,0.0,1.0,0.0,1.0,0.0
Correlation_Independent,RankDisplacement,Wilcoxon-Copeland,100,1.26,0.1647,1.1667,0.1667,1.1667,1.3333,1.0,1.5875,1.0,1.6667,0.0
Correlation_Independent,TopChoiceRankRegret,Wilcoxon-Copeland,100,0.39,0.5486,0.0,1.0,0.0,1.0,0.0,1.0,0.0,3.0,0.0
Correlation_Independent,Observed_Cliffs_d_M1,Wilcoxon-Copeland,100,-0.2043,0.1148,-0.2052,0.1534,-0.2836,-0.1302,-0.4444,-0.0228,-0.4672,0.132,0.0
Correlation_Independent,Observed_Cliffs_d_M2,Wilcoxon-Copeland,100,0.7856,0.0605,0.7876,0.0736,0.7484,0.822,0.6591,0.8813,0.6064,0.9384,0.0
Correlation_Independent,Observed_Delta_M1,Wilcoxon-Copeland,100,-1.4278,0.8178,-1.4113,1.1494,-2.0042,-0.8548,-3.1414,-0.0484,-3.4436,0.7112,0.0
Correlation_Independent,Observed_Delta_M2,Wilcoxon-Copeland,100,7.1135,0.8311,7.1096,1.1816,6.4748,7.6564,5.7488,8.9682,5.4457,9.8953,0.0
Correlation_Independent,Observed_Median_Cliffs_d,Wilcoxon-Copeland,100,0.4953,0.0308,0.494,0.0361,0.4764,0.5125,0.4345,0.5524,0.4088,0.564,0.0
Correlation_Correlated,TopChoice,HERA,100,1.0,0.0,1.0,0.0,1.0,1.0,1.0,1.0,1.0,1.0,0.0
Correlation_Correlated,CompleteRank,HERA,100,0.52,0.5021,1.0,1.0,0.0,1.0,0.0,1.0,0.0,1.0,0.0
Correlation_Correlated,KendallTau,HERA,100,0.9809,0.0242,1.0,0.0303,0.9697,1.0,0.9235,1.0,0.8788,1.0,0.0
Correlation_Correlated,SpearmanRho,HERA,100,0.9952,0.0071,1.0,0.007,0.993,1.0,0.979,1.0,0.951,1.0,0.0
Correlation_Correlated,FalseSuperiority,HERA,100,0.0095,0.0121,0.0,0.0152,0.0,0.0152,0.0,0.0383,0.0,0.0606,0.0
Correlation_Correlated,Regret,HERA,100,0.0,0.0,0.0,0.0,0.0,0.0,0.0,0.0,0.0,0.0,0.0
Correlation_Correlated,CompensatoryError,HERA,100,0.0,0.0,0.0,0.0,0.0,0.0,0.0,0.0,0.0,0.0,0.0
Correlation_Correlated,RankDisplacement,HERA,100,0.1033,0.1271,0.0,0.1667,0.0,0.1667,0.0,0.4208,0.0,0.5,0.0
Correlation_Correlated,TopChoiceRankRegret,HERA,100,0.0,0.0,0.0,0.0,0.0,0.0,0.0,0.0,0.0,0.0,0.0
Correlation_Correlated,Observed_Cliffs_d_M1,HERA,100,-0.1987,0.1254,-0.2028,0.164,-0.2762,-0.1122,-0.4614,0.0405,-0.4936,0.1216,0.0
Correlation_Correlated,Observed_Cliffs_d_M2,HERA,100,0.7938,0.0653,0.798,0.0872,0.7542,0.8414,0.6694,0.8996,0.5912,0.9376,0.0
Correlation_Correlated,Observed_Delta_M1,HERA,100,-1.4263,0.8939,-1.4036,1.1843,-1.9274,-0.7431,-3.3622,0.2884,-3.6611,0.7193,0.0
Correlation_Correlated,Observed_Delta_M2,HERA,100,7.1101,0.8526,6.9923,1.1518,6.6073,7.7591,5.5134,8.6099,4.7572,8.9316,0.0
Correlation_Correlated,Observed_Median_Cliffs_d,HERA,100,0.4958,0.0327,0.4914,0.041,0.4751,0.5161,0.4373,0.5619,0.4232,0.5904,0.0
Correlation_Correlated,TopChoice,TOPSIS,100,1.0,0.0,1.0,0.0,1.0,1.0,1.0,1.0,1.0,1.0,0.0
Correlation_Correlated,CompleteRank,TOPSIS,100,0.02,0.1407,0.0,0.0,0.0,0.0,0.0,0.0,0.0,1.0,0.0
Correlation_Correlated,KendallTau,TOPSIS,100,0.8891,0.0591,0.9091,0.0909,0.8485,0.9394,0.772,0.9697,0.7273,1.0,0.0
Correlation_Correlated,SpearmanRho,TOPSIS,100,0.9607,0.0297,0.965,0.042,0.9441,0.986,0.8984,0.993,0.8252,1.0,0.0
Correlation_Correlated,FalseSuperiority,TOPSIS,100,0.0555,0.0295,0.0455,0.0455,0.0303,0.0758,0.0152,0.114,0.0,0.1364,0.0
Correlation_Correlated,Regret,TOPSIS,100,0.0,0.0,0.0,0.0,0.0,0.0,0.0,0.0,0.0,0.0,0.0
Correlation_Correlated,CompensatoryError,TOPSIS,100,0.0,0.0,0.0,0.0,0.0,0.0,0.0,0.0,0.0,0.0,0.0
Correlation_Correlated,RankDisplacement,TOPSIS,100,0.5517,0.2749,0.5,0.3333,0.3333,0.6667,0.1667,1.0,0.0,1.5,0.0
Correlation_Correlated,TopChoiceRankRegret,TOPSIS,100,0.0,0.0,0.0,0.0,0.0,0.0,0.0,0.0,0.0,0.0,0.0
Correlation_Correlated,Observed_Cliffs_d_M1,TOPSIS,100,-0.1987,0.1254,-0.2028,0.164,-0.2762,-0.1122,-0.4614,0.0405,-0.4936,0.1216,0.0
Correlation_Correlated,Observed_Cliffs_d_M2,TOPSIS,100,0.7938,0.0653,0.798,0.0872,0.7542,0.8414,0.6694,0.8996,0.5912,0.9376,0.0
Correlation_Correlated,Observed_Delta_M1,TOPSIS,100,-1.4263,0.8939,-1.4036,1.1843,-1.9274,-0.7431,-3.3622,0.2884,-3.6611,0.7193,0.0
Correlation_Correlated,Observed_Delta_M2,TOPSIS,100,7.1101,0.8526,6.9923,1.1518,6.6073,7.7591,5.5134,8.6099,4.7572,8.9316,0.0
Correlation_Correlated,Observed_Median_Cliffs_d,TOPSIS,100,0.4958,0.0327,0.4914,0.041,0.4751,0.5161,0.4373,0.5619,0.4232,0.5904,0.0
Correlation_Correlated,TopChoice,Borda,100,0.5,0.5025,0.5,1.0,0.0,1.0,0.0,1.0,0.0,1.0,0.0
Correlation_Correlated,CompleteRank,Borda,100,0.0,0.0,0.0,0.0,0.0,0.0,0.0,0.0,0.0,0.0,0.0
Correlation_Correlated,KendallTau,Borda,100,0.5364,0.0932,0.5455,0.0909,0.4848,0.5758,0.3333,0.697,0.303,0.7273,0.0
Correlation_Correlated,SpearmanRho,Borda,100,0.7148,0.0845,0.7343,0.0769,0.6923,0.7692,0.4855,0.8325,0.4476,0.8601,0.0
Correlation_Correlated,FalseSuperiority,Borda,100,0.2318,0.0466,0.2273,0.0455,0.2121,0.2576,0.1515,0.3333,0.1364,0.3485,0.0
Correlation_Correlated,Regret,Borda,100,-0.35,1.0553,0.0,1.5,-1.5,0.0,-1.5,2.5,-1.5,2.5,0.0
Correlation_Correlated,CompensatoryError,Borda,100,0.34,0.4761,0.0,1.0,0.0,1.0,0.0,1.0,0.0,1.0,0.0
Correlation_Correlated,RankDisplacement,Borda,100,1.9833,0.3541,2.0,0.3333,1.8333,2.1667,1.3333,2.7542,1.1667,2.8333,0.0
Correlation_Correlated,TopChoiceRankRegret,Borda,100,0.73,0.9519,0.5,1.0,0.0,1.0,0.0,3.0,0.0,4.0,0.0
Correlation_Correlated,Observed_Cliffs_d_M1,Borda,100,-0.1987,0.1254,-0.2028,0.164,-0.2762,-0.1122,-0.4614,0.0405,-0.4936,0.1216,0.0
Correlation_Correlated,Observed_Cliffs_d_M2,Borda,100,0.7938,0.0653,0.798,0.0872,0.7542,0.8414,0.6694,0.8996,0.5912,0.9376,0.0
Correlation_Correlated,Observed_Delta_M1,Borda,100,-1.4263,0.8939,-1.4036,1.1843,-1.9274,-0.7431,-3.3622,0.2884,-3.6611,0.7193,0.0
Correlation_Correlated,Observed_Delta_M2,Borda,100,7.1101,0.8526,6.9923,1.1518,6.6073,7.7591,5.5134,8.6099,4.7572,8.9316,0.0
Correlation_Correlated,Observed_Median_Cliffs_d,Borda,100,0.4958,0.0327,0.4914,0.041,0.4751,0.5161,0.4373,0.5619,0.4232,0.5904,0.0
Correlation_Correlated,TopChoice,Wilcoxon-Copeland,100,0.69,0.4648,1.0,1.0,0.0,1.0,0.0,1.0,0.0,1.0,0.0
Correlation_Correlated,CompleteRank,Wilcoxon-Copeland,100,0.0,0.0,0.0,0.0,0.0,0.0,0.0,0.0,0.0,0.0,0.0
Correlation_Correlated,KendallTau,Wilcoxon-Copeland,100,0.7391,0.0439,0.7576,0.0303,0.7273,0.7576,0.6364,0.8182,0.6061,0.8182,0.0
Correlation_Correlated,SpearmanRho,Wilcoxon-Copeland,100,0.8341,0.0326,0.8392,0.0367,0.8112,0.8479,0.7656,0.8881,0.7552,0.9091,0.0
Correlation_Correlated,FalseSuperiority,Wilcoxon-Copeland,100,0.1305,0.022,0.1212,0.0152,0.1212,0.1364,0.0909,0.1818,0.0909,0.197,0.0
Correlation_Correlated,Regret,Wilcoxon-Copeland,100,-0.465,0.6972,0.0,1.5,-1.5,0.0,-1.5,0.0,-1.5,0.0,0.0
Correlation_Correlated,CompensatoryError,Wilcoxon-Copeland,100,0.71,0.456,1.0,1.0,0.0,1.0,0.0,1.0,0.0,1.0,0.0
Correlation_Correlated,RankDisplacement,Wilcoxon-Copeland,100,1.2583,0.1648,1.25,0.1667,1.1667,1.3333,1.0,1.5,0.8333,1.6667,0.0
Correlation_Correlated,TopChoiceRankRegret,Wilcoxon-Copeland,100,0.31,0.4648,0.0,1.0,0.0,1.0,0.0,1.0,0.0,1.0,0.0
Correlation_Correlated,Observed_Cliffs_d_M1,Wilcoxon-Copeland,100,-0.1987,0.1254,-0.2028,0.164,-0.2762,-0.1122,-0.4614,0.0405,-0.4936,0.1216,0.0
Correlation_Correlated,Observed_Cliffs_d_M2,Wilcoxon-Copeland,100,0.7938,0.0653,0.798,0.0872,0.7542,0.8414,0.6694,0.8996,0.5912,0.9376,0.0
Correlation_Correlated,Observed_Delta_M1,Wilcoxon-Copeland,100,-1.4263,0.8939,-1.4036,1.1843,-1.9274,-0.7431,-3.3622,0.2884,-3.6611,0.7193,0.0
Correlation_Correlated,Observed_Delta_M2,Wilcoxon-Copeland,100,7.1101,0.8526,6.9923,1.1518,6.6073,7.7591,5.5134,8.6099,4.7572,8.9316,0.0
Correlation_Correlated,Observed_Median_Cliffs_d,Wilcoxon-Copeland,100,0.4958,0.0327,0.4914,0.041,0.4751,0.5161,0.4373,0.5619,0.4232,0.5904,0.0
