Suite,Method,N_Trials,TopChoice_Mean,TopChoice_Std,TopChoice_Median,TopChoice_IQR,TopChoice_Q1,TopChoice_Q3,TopChoice_CI95_Lower,TopChoice_CI95_Upper,TopChoice_Min,TopChoice_Max,CompleteRank_Mean,CompleteRank_Std,CompleteRank_Median,CompleteRank_IQR,CompleteRank_Q1,CompleteRank_Q3,CompleteRank_CI95_Lower,CompleteRank_CI95_Upper,CompleteRank_Min,CompleteRank_Max,KendallTau_Mean,KendallTau_Std,KendallTau_Median,KendallTau_IQR,KendallTau_Q1,KendallTau_Q3,KendallTau_CI95_Lower,KendallTau_CI95_Upper,KendallTau_Min,KendallTau_Max,SpearmanRho_Mean,SpearmanRho_Std,SpearmanRho_Median,SpearmanRho_IQR,SpearmanRho_Q1,SpearmanRho_Q3,SpearmanRho_CI95_Lower,SpearmanRho_CI95_Upper,SpearmanRho_Min,SpearmanRho_Max,FalseSuperiority_Mean,FalseSuperiority_Std,FalseSuperiority_Median,FalseSuperiority_IQR,FalseSuperiority_Q1,FalseSuperiority_Q3,FalseSuperiority_CI95_Lower,FalseSuperiority_CI95_Upper,FalseSuperiority_Min,FalseSuperiority_Max,Regret_Mean,Regret_Std,Regret_Median,Regret_IQR,Regret_Q1,Regret_Q3,Regret_CI95_Lower,Regret_CI95_Upper,Regret_Min,Regret_Max,CompensatoryError_Mean,CompensatoryError_Std,CompensatoryError_Median,CompensatoryError_IQR,CompensatoryError_Q1,CompensatoryError_Q3,CompensatoryError_CI95_Lower,CompensatoryError_CI95_Upper,CompensatoryError_Min,CompensatoryError_Max,RankDisplacement_Mean,RankDisplacement_Std,RankDisplacement_Median,RankDisplacement_IQR,RankDisplacement_Q1,RankDisplacement_Q3,RankDisplacement_CI95_Lower,RankDisplacement_CI95_Upper,RankDisplacement_Min,RankDisplacement_Max,TopChoiceRankRegret_Mean,TopChoiceRankRegret_Std,TopChoiceRankRegret_Median,TopChoiceRankRegret_IQR,TopChoiceRankRegret_Q1,TopChoiceRankRegret_Q3,TopChoiceRankRegret_CI95_Lower,TopChoiceRankRegret_CI95_Upper,TopChoiceRankRegret_Min,TopChoiceRankRegret_Max,Observed_Cliffs_d_M1_Mean,Observed_Cliffs_d_M1_Std,Observed_Cliffs_d_M1_Median,Observed_Cliffs_d_M1_IQR,Observed_Cliffs_d_M1_Q1,Observed_Cliffs_d_M1_Q3,Observed_Cliffs_d_M1_CI95_Lower,Observed_Cliffs_d_M1_CI95_Upper,Observed_Cliffs_d_M1_Min,Observed_Cliffs_d_M1_Max,Observed_Cliffs_d_M2_Mean,Observed_Cliffs_d_M2_Std,Observed_Cliffs_d_M2_Median,Observed_Cliffs_d_M2_IQR,Observed_Cliffs_d_M2_Q1,Observed_Cliffs_d_M2_Q3,Observed_Cliffs_d_M2_CI95_Lower,Observed_Cliffs_d_M2_CI95_Upper,Observed_Cliffs_d_M2_Min,Observed_Cliffs_d_M2_Max,Observed_Delta_M1_Mean,Observed_Delta_M1_Std,Observed_Delta_M1_Median,Observed_Delta_M1_IQR,Observed_Delta_M1_Q1,Observed_Delta_M1_Q3,Observed_Delta_M1_CI95_Lower,Observed_Delta_M1_CI95_Upper,Observed_Delta_M1_Min,Observed_Delta_M1_Max,Observed_Delta_M2_Mean,Observed_Delta_M2_Std,Observed_Delta_M2_Median,Observed_Delta_M2_IQR,Observed_Delta_M2_Q1,Observed_Delta_M2_Q3,Observed_Delta_M2_CI95_Lower,Observed_Delta_M2_CI95_Upper,Observed_Delta_M2_Min,Observed_Delta_M2_Max,Observed_Median_Cliffs_d_Mean,Observed_Median_Cliffs_d_Std,Observed_Median_Cliffs_d_Median,Observed_Median_Cliffs_d_IQR,Observed_Median_Cliffs_d_Q1,Observed_Median_Cliffs_d_Q3,Observed_Median_Cliffs_d_CI95_Lower,Observed_Median_Cliffs_d_CI95_Upper,Observed_Median_Cliffs_d_Min,Observed_Median_Cliffs_d_Max,Failure_Rate_Percent
All_Pooled,Borda,2400,0.41875,0.4934570860671802,0.0,1.0,0.0,1.0,0.0,1.0,0.0,1.0,0.0,0.0,0.0,0.0,0.0,0.0,0.0,0.0,0.0,0.0,0.5614802419802419,0.09773102920032073,0.5604395604395604,0.14185814185814172,0.4945054945054945,0.6363636363636362,0.3626373626373627,0.7333333333333333,0.2444444444444444,0.8222222222222221,0.7343923576423576,0.08655825509466938,0.7412587412587414,0.11368631368631377,0.6835164835164835,0.7972027972027973,0.5393939393939393,0.8787878787878788,0.2848484848484848,0.9393939393939392,0.21925987900987895,0.04886551460016037,0.2197802197802197,0.07092907092907089,0.1818181818181818,0.2527472527472527,0.1333333333333333,0.3186813186813186,0.0888888888888888,0.3777777777777777,-0.3609041666666667,1.0903465415367901,0.0,1.5,-1.5,0.0,-1.5,2.5,-1.5,3.8299999999999983,0.4125,0.49238680796057654,0.0,1.0,0.0,1.0,0.0,1.0,0.0,1.0,1.9161686507936508,0.4848963188905513,1.8333333333333333,0.6000000000000001,1.6,2.2,1.0,2.857142857142857,0.8,3.7142857142857144,0.9233333333333333,1.0702489519874498,1.0,1.0,0.0,1.0,0.0,3.0,0.0,6.0,-0.19628316666666665,0.14488021810782795,-0.192,0.1893,-0.2893,-0.1,-0.48882000000000003,0.08488000000000029,-0.7568,0.2784,0.6977111666666667,0.2018591295195155,0.7524,0.28500000000000003,0.5454,0.8304,0.29272000000000004,0.9968,0.0856,1.0,-1.5057583749999999,1.185958713088419,-1.49145,1.180075,-2.095825,-0.91575,-4.0140775,1.1008875000000011,-7.0041,4.0961,7.058021541666667,1.1682715067550635,7.0518,1.2142749999999998,6.450025,7.6643,4.52006,9.490572500000003,1.6513,11.8584,0.444004,0.18050130493836286,0.4544,0.21809999999999996,0.29710000000000003,0.5152,0.19039,0.8532,0.1296,0.8912,0.0
All_Pooled,HERA,2400,0.9191666666666667,0.2726357946127011,1.0,0.0,1.0,1.0,0.0,1.0,0.0,1.0,0.3175,0.46560076964994856,0.0,1.0,0.0,1.0,0.0,1.0,0.0,1.0,0.9313435823435824,0.0743626341645485,0.9555555555555554,0.1212121212121211,0.8787878787878787,0.9999999999999998,0.7575757575757575,1.0,0.5454545454545454,1.0,0.9749428904428904,0.03450754974204301,0.9878787878787878,0.036363636363636376,0.9636363636363636,1.0,0.8881118881118882,1.0,0.7062937062937064,1.0,0.0343282088282088,0.03718131708227425,0.0222222222222222,0.0606060606060606,0.0,0.0606060606060606,0.0,0.1212121212121212,0.0,0.2272727272727272,-0.11291666666666667,0.4213456199412272,0.0,0.0,0.0,0.0,-1.5,0.0,-1.5,2.5,0.0,0.0,0.0,0.0,0.0,0.0,0.0,0.0,0.0,0.0,0.347734126984127,0.35926857803885337,0.2,0.5714285714285714,0.0,0.5714285714285714,0.0,1.1666666666666667,0.0,2.1666666666666665,0.08291666666666667,0.28326947191606333,0.0,0.0,0.0,0.0,0.0,1.0,0.0,2.0,-0.19628316666666665,0.14488021810782795,-0.192,0.1893,-0.2893,-0.1,-0.48882000000000003,0.08488000000000029,-0.7568,0.2784,0.6977111666666667,0.2018591295195155,0.7524,0.28500000000000003,0.5454,0.8304,0.29272000000000004,0.9968,0.0856,1.0,-1.5057583749999999,1.185958713088419,-1.49145,1.180075,-2.095825,-0.91575,-4.0140775,1.1008875000000011,-7.0041,4.0961,7.058021541666667,1.1682715067550635,7.0518,1.2142749999999998,6.450025,7.6643,4.52006,9.490572500000003,1.6513,11.8584,0.444004,0.18050130493836286,0.4544,0.21809999999999996,0.29710000000000003,0.5152,0.19039,0.8532,0.1296,0.8912,0.0
All_Pooled,TOPSIS,2400,0.9979166666666667,0.045605478440081997,1.0,0.0,1.0,1.0,1.0,1.0,0.0,1.0,0.1175,0.32208224685483355,0.0,0.0,0.0,0.0,0.0,1.0,0.0,1.0,0.8895014892514894,0.08549554774490746,0.909090909090909,0.10940170940170924,0.8461538461538461,0.9555555555555554,0.6923076923076924,1.0,0.4242424242424242,1.0,0.9557717560217562,0.04770941822565599,0.972027972027972,0.048484848484848575,0.9393939393939392,0.9878787878787878,0.8251748251748254,1.0,0.5664335664335665,1.0,0.05524925537425534,0.04274777387245374,0.0454545454545454,0.0547008547008547,0.0222222222222222,0.0769230769230769,0.0,0.1538461538461538,0.0,0.2878787878787879,-0.003125,0.06840821766012302,0.0,0.0,0.0,0.0,0.0,0.0,-1.5,0.0,0.0,0.0,0.0,0.0,0.0,0.0,0.0,0.0,0.0,0.0,0.5477162698412699,0.40730819287527703,0.5,0.6000000000000001,0.2,0.8,0.0,1.4285714285714286,0.0,2.5714285714285716,0.0020833333333333333,0.045605478440081997,0.0,0.0,0.0,0.0,0.0,0.0,0.0,1.0,-0.19628316666666665,0.14488021810782795,-0.192,0.1893,-0.2893,-0.1,-0.48882000000000003,0.08488000000000029,-0.7568,0.2784,0.6977111666666667,0.2018591295195155,0.7524,0.28500000000000003,0.5454,0.8304,0.29272000000000004,0.9968,0.0856,1.0,-1.5057583749999999,1.185958713088419,-1.49145,1.180075,-2.095825,-0.91575,-4.0140775,1.1008875000000011,-7.0041,4.0961,7.058021541666667,1.1682715067550635,7.0518,1.2142749999999998,6.450025,7.6643,4.52006,9.490572500000003,1.6513,11.8584,0.444004,0.18050130493836286,0.4544,0.21809999999999996,0.29710000000000003,0.5152,0.19039,0.8532,0.1296,0.8912,0.0
All_Pooled,Wilcoxon-Copeland,2400,0.6554166666666666,0.47533125429125717,1.0,1.0,0.0,1.0,0.0,1.0,0.0,1.0,0.0,0.0,0.0,0.0,0.0,0.0,0.0,0.0,0.0,0.0,0.7238792226292226,0.06477981992322111,0.7333333333333333,0.0888888888888889,0.6888888888888888,0.7777777777777777,0.5757575757575757,0.8222222222222221,0.2888888888888888,0.8787878787878787,0.8238736541236542,0.05352449284474289,0.8321678321678322,0.06540126540126556,0.7939393939393938,0.8593406593406594,0.6969696969696969,0.9091658341658345,0.4545454545454545,0.9636363636363636,0.13806038868538864,0.03238990996161056,0.1333333333333333,0.0444444444444444,0.1111111111111111,0.1555555555555555,0.0888888888888888,0.2121212121212121,0.0606060606060606,0.3555555555555555,-0.430625,0.7446345700920955,0.0,1.5,-1.5,0.0,-1.5,1.0,-1.5,2.5,0.6583333333333333,0.474367279317505,1.0,1.0,0.0,1.0,0.0,1.0,0.0,1.0,1.3142797619047617,0.26023547317413837,1.2857142857142858,0.26190476190476186,1.1666666666666667,1.4285714285714286,0.8,2.0,0.6,2.7142857142857144,0.41083333333333333,0.6631233123952058,0.0,1.0,0.0,1.0,0.0,3.0,0.0,3.0,-0.19628316666666665,0.14488021810782795,-0.192,0.1893,-0.2893,-0.1,-0.48882000000000003,0.08488000000000029,-0.7568,0.2784,0.6977111666666667,0.2018591295195155,0.7524,0.28500000000000003,0.5454,0.8304,0.29272000000000004,0.9968,0.0856,1.0,-1.5057583749999999,1.185958713088419,-1.49145,1.180075,-2.095825,-0.91575,-4.0140775,1.1008875000000011,-7.0041,4.0961,7.058021541666667,1.1682715067550635,7.0518,1.2142749999999998,6.450025,7.6643,4.52006,9.490572500000003,1.6513,11.8584,0.444004,0.18050130493836286,0.4544,0.21809999999999996,0.29710000000000003,0.5152,0.19039,0.8532,0.1296,0.8912,0.0
Core,Borda,1500,0.406,0.49124829084232313,0.0,1.0,0.0,1.0,0.0,1.0,0.0,1.0,0.0,0.0,0.0,0.0,0.0,0.0,0.0,0.0,0.0,0.0,0.5601903873903874,0.09744949274030183,0.5604395604395604,0.14185814185814172,0.4945054945054945,0.6363636363636362,0.3626373626373627,0.7333333333333333,0.2444444444444444,0.8222222222222221,0.7338494838494838,0.08717752265087496,0.7412587412587414,0.11808191808191815,0.6791208791208792,0.7972027972027973,0.5393939393939393,0.8787878787878788,0.2848484848484848,0.9393939393939392,0.21990480630480624,0.04872474637015093,0.2197802197802197,0.07092907092907089,0.1818181818181818,0.2527472527472527,0.1333333333333333,0.3186813186813186,0.0888888888888888,0.3777777777777777,-0.3644466666666667,1.0969321160401657,0.0,1.5,-1.5,0.0,-1.5,2.5,-1.5,3.8299999999999983,0.4066666666666667,0.49137547299310225,0.0,1.0,0.0,1.0,0.0,1.0,0.0,1.0,1.922295238095238,0.49182275698128336,1.8571428571428572,0.6857142857142855,1.6,2.2857142857142856,1.0,2.857142857142857,0.8,3.7142857142857144,0.952,1.0837338169452222,1.0,1.0,0.0,1.0,0.0,3.0,0.0,6.0,-0.18599093333333333,0.15559853208364985,-0.174,0.21539999999999998,-0.288,-0.0726,-0.5032,0.1100199999999999,-0.7192,0.2784,0.6432656,0.2330776589609376,0.6184,0.36900000000000005,0.4552,0.8241999999999999,0.25554,0.9984,0.0856,1.0,-1.4899207333333333,1.336978609803529,-1.45525,1.288325,-2.1294000000000004,-0.841075,-4.3001425,1.6275024999999999,-7.0041,4.0961,7.0567588,1.3006161923779862,7.06475,1.3607000000000005,6.373825,7.734525,4.238215,9.721085,1.6513,11.8584,0.42312000000000005,0.22177315300609052,0.3344,0.27109999999999995,0.2462,0.5173,0.18179,0.86061,0.1296,0.8912,0.0
Core,HERA,1500,0.8766666666666667,0.32892909842408635,1.0,0.0,1.0,1.0,0.0,1.0,0.0,1.0,0.27666666666666667,0.4474994145689824,0.0,1.0,0.0,1.0,0.0,1.0,0.0,1.0,0.9162385910385911,0.0821238118254081,0.9393939393939392,0.1333333333333332,0.8666666666666666,0.9999999999999998,0.7333333333333333,1.0,0.5454545454545454,1.0,0.9685510045510045,0.03893451145594555,0.9860139860139862,0.048484848484848575,0.9515151515151514,1.0,0.8666666666666665,1.0,0.7062937062937064,1.0,0.04188070448070445,0.04106190591270404,0.0303030303030303,0.0666666666666666,0.0,0.0666666666666666,0.0,0.1333333333333333,0.0,0.2272727272727272,-0.17166666666666666,0.5114081029087266,0.0,0.0,0.0,0.0,-1.5,0.0,-1.5,2.5,0.0,0.0,0.0,0.0,0.0,0.0,0.0,0.0,0.0,0.0,0.4202761904761904,0.3935965345612492,0.3333333333333333,0.7142857142857143,0.0,0.7142857142857143,0.0,1.2857142857142858,0.0,2.1666666666666665,0.12666666666666668,0.34258886970339825,0.0,0.0,0.0,0.0,0.0,1.0,0.0,2.0,-0.18599093333333333,0.15559853208364985,-0.174,0.21539999999999998,-0.288,-0.0726,-0.5032,0.1100199999999999,-0.7192,0.2784,0.6432656,0.2330776589609376,0.6184,0.36900000000000005,0.4552,0.8241999999999999,0.25554,0.9984,0.0856,1.0,-1.4899207333333333,1.336978609803529,-1.45525,1.288325,-2.1294000000000004,-0.841075,-4.3001425,1.6275024999999999,-7.0041,4.0961,7.0567588,1.3006161923779862,7.06475,1.3607000000000005,6.373825,7.734525,4.238215,9.721085,1.6513,11.8584,0.42312000000000005,0.22177315300609052,0.3344,0.27109999999999995,0.2462,0.5173,0.18179,0.86061,0.1296,0.8912,0.0
Core,TOPSIS,1500,0.9966666666666667,0.057657944071613114,1.0,0.0,1.0,1.0,1.0,1.0,0.0,1.0,0.12333333333333334,0.32892909842408635,0.0,0.0,0.0,0.0,0.0,1.0,0.0,1.0,0.8745238465238464,0.09428199821302242,0.8787878787878787,0.13737373737373726,0.8181818181818181,0.9555555555555554,0.6703296703296704,1.0,0.4242424242424242,1.0,0.9470005994005993,0.054194552223525205,0.9636363636363636,0.06480186480186456,0.9230769230769232,0.9878787878787878,0.8111888111888113,1.0,0.5664335664335665,1.0,0.0627380767380767,0.04714099910651121,0.0606060606060606,0.0686868686868687,0.0222222222222222,0.0909090909090909,0.0,0.1648351648351648,0.0,0.2878787878787879,-0.005,0.08648691610741968,0.0,0.0,0.0,0.0,0.0,0.0,-1.5,0.0,0.0,0.0,0.0,0.0,0.0,0.0,0.0,0.0,0.0,0.0,0.6120349206349206,0.44634549781329963,0.5714285714285714,0.657142857142857,0.2,0.8571428571428571,0.0,1.5714285714285714,0.0,2.5714285714285716,0.0033333333333333335,0.057657944071613114,0.0,0.0,0.0,0.0,0.0,0.0,0.0,1.0,-0.18599093333333333,0.15559853208364985,-0.174,0.21539999999999998,-0.288,-0.0726,-0.5032,0.1100199999999999,-0.7192,0.2784,0.6432656,0.2330776589609376,0.6184,0.36900000000000005,0.4552,0.8241999999999999,0.25554,0.9984,0.0856,1.0,-1.4899207333333333,1.336978609803529,-1.45525,1.288325,-2.1294000000000004,-0.841075,-4.3001425,1.6275024999999999,-7.0041,4.0961,7.0567588,1.3006161923779862,7.06475,1.3607000000000005,6.373825,7.734525,4.238215,9.721085,1.6513,11.8584,0.42312000000000005,0.22177315300609052,0.3344,0.27109999999999995,0.2462,0.5173,0.18179,0.86061,0.1296,0.8912,0.0
Core,Wilcoxon-Copeland,1500,0.6833333333333333,0.4653313275346349,1.0,1.0,0.0,1.0,0.0,1.0,0.0,1.0,0.0,0.0,0.0,0.0,0.0,0.0,0.0,0.0,0.0,0.0,0.7146139194139194,0.07203357232899457,0.7303030303030302,0.10744810744810729,0.6703296703296704,0.7777777777777777,0.5555555555555555,0.8222222222222221,0.2888888888888888,0.8787878787878787,0.817427417027417,0.060089228402575905,0.8303030303030302,0.07172827172827168,0.7832167832167832,0.8549450549450549,0.6768131868131868,0.9151515151515152,0.4545454545454545,0.9636363636363636,0.14269304029304025,0.03601678616449729,0.1348484848484848,0.0537240537240537,0.1111111111111111,0.1648351648351648,0.0888888888888888,0.2222222222222222,0.0606060606060606,0.3555555555555555,-0.36866666666666664,0.7319668065056681,0.0,1.5,-1.5,0.0,-1.5,1.0,-1.5,2.5,0.6566666666666666,0.4749799569756334,1.0,1.0,0.0,1.0,0.0,1.0,0.0,1.0,1.3409301587301587,0.2873770502734066,1.3333333333333333,0.33333333333333326,1.1666666666666667,1.5,0.8,2.0,0.6,2.7142857142857144,0.3973333333333333,0.6926611065265263,0.0,1.0,0.0,1.0,0.0,3.0,0.0,3.0,-0.18599093333333333,0.15559853208364985,-0.174,0.21539999999999998,-0.288,-0.0726,-0.5032,0.1100199999999999,-0.7192,0.2784,0.6432656,0.2330776589609376,0.6184,0.36900000000000005,0.4552,0.8241999999999999,0.25554,0.9984,0.0856,1.0,-1.4899207333333333,1.336978609803529,-1.45525,1.288325,-2.1294000000000004,-0.841075,-4.3001425,1.6275024999999999,-7.0041,4.0961,7.0567588,1.3006161923779862,7.06475,1.3607000000000005,6.373825,7.734525,4.238215,9.721085,1.6513,11.8584,0.42312000000000005,0.22177315300609052,0.3344,0.27109999999999995,0.2462,0.5173,0.18179,0.86061,0.1296,0.8912,0.0
Correlation Sensitivity,Borda,100,0.5,0.502518907629606,0.5,1.0,0.0,1.0,0.0,1.0,0.0,1.0,0.0,0.0,0.0,0.0,0.0,0.0,0.0,0.0,0.0,0.0,0.5363636363636364,0.09322625924544273,0.5454545454545454,0.09090909090909088,0.4848484848484848,0.5757575757575757,0.3333333333333333,0.6969696969696969,0.303030303030303,0.7272727272727272,0.7148251748251748,0.08448852338605434,0.7342657342657343,0.07692307692307698,0.6923076923076924,0.7692307692307694,0.4854895104895105,0.8325174825174826,0.4475524475524475,0.8601398601398602,0.23181818181818176,0.04661312962272138,0.2272727272727272,0.045454545454545414,0.2121212121212121,0.2575757575757575,0.1515151515151515,0.3333333333333333,0.1363636363636363,0.3484848484848485,-0.35,1.0552897060221726,0.0,1.5,-1.5,0.0,-1.5,2.5,-1.5,2.5,0.34,0.47609522856952335,0.0,1.0,0.0,1.0,0.0,1.0,0.0,1.0,1.9833333333333334,0.35414809814663045,2.0,0.33333333333333326,1.8333333333333333,2.1666666666666665,1.3333333333333333,2.754166666666665,1.1666666666666667,2.8333333333333335,0.73,0.9519252156349344,0.5,1.0,0.0,1.0,0.0,3.0,0.0,4.0,-0.198736,0.1253557777453493,-0.2028,0.164,-0.2762,-0.1122,-0.46142,0.04047999999999956,-0.4936,0.1216,0.793808,0.06531216676296023,0.798,0.08720000000000006,0.7542,0.8413999999999999,0.66936,0.8995999999999998,0.5912,0.9376,-1.4263079999999997,0.8938807904928494,-1.40355,1.18425,-1.927375,-0.743125,-3.3622099999999997,0.2883749999999954,-3.6611,0.7193,7.110111999999999,0.8526165530419944,6.99225,1.1517749999999998,6.6072999999999995,7.759074999999999,5.51345,8.609865,4.7572,8.9316,0.49580399999999997,0.0327443970687191,0.4914,0.041000000000000036,0.4751,0.5161,0.43728999999999996,0.56187,0.4232,0.5904,0.0
Correlation Sensitivity,HERA,100,1.0,0.0,1.0,0.0,1.0,1.0,1.0,1.0,1.0,1.0,0.52,0.5021167315686782,1.0,1.0,0.0,1.0,0.0,1.0,0.0,1.0,0.9809090909090906,0.024232857004101247,0.9999999999999998,0.030303030303030165,0.9696969696969696,0.9999999999999998,0.9234848484848484,0.9999999999999998,0.8787878787878787,0.9999999999999998,0.9952447552447552,0.0070898151867179755,1.0,0.006993006993006756,0.9930069930069932,1.0,0.9790209790209792,1.0,0.9510489510489512,1.0,0.009545454545454525,0.01211642850205063,0.0,0.0151515151515151,0.0,0.0151515151515151,0.0,0.0382575757575756,0.0,0.0606060606060606,0.0,0.0,0.0,0.0,0.0,0.0,0.0,0.0,0.0,0.0,0.0,0.0,0.0,0.0,0.0,0.0,0.0,0.0,0.0,0.0,0.10333333333333329,0.1270841957800398,0.0,0.1666666666666666,0.0,0.1666666666666666,0.0,0.4208333333333319,0.0,0.5,0.0,0.0,0.0,0.0,0.0,0.0,0.0,0.0,0.0,0.0,-0.198736,0.1253557777453493,-0.2028,0.164,-0.2762,-0.1122,-0.46142,0.04047999999999956,-0.4936,0.1216,0.793808,0.06531216676296023,0.798,0.08720000000000006,0.7542,0.8413999999999999,0.66936,0.8995999999999998,0.5912,0.9376,-1.4263079999999997,0.8938807904928494,-1.40355,1.18425,-1.927375,-0.743125,-3.3622099999999997,0.2883749999999954,-3.6611,0.7193,7.110111999999999,0.8526165530419944,6.99225,1.1517749999999998,6.6072999999999995,7.759074999999999,5.51345,8.609865,4.7572,8.9316,0.49580399999999997,0.0327443970687191,0.4914,0.041000000000000036,0.4751,0.5161,0.43728999999999996,0.56187,0.4232,0.5904,0.0
Correlation Sensitivity,TOPSIS,100,1.0,0.0,1.0,0.0,1.0,1.0,1.0,1.0,1.0,1.0,0.02,0.14070529413628968,0.0,0.0,0.0,0.0,0.0,0.0,0.0,1.0,0.8890909090909089,0.0590903204510249,0.909090909090909,0.09090909090909083,0.8484848484848484,0.9393939393939392,0.7719696969696969,0.9696969696969696,0.7272727272727272,0.9999999999999998,0.9606993006993008,0.029715064631844607,0.965034965034965,0.04195804195804176,0.9440559440559444,0.9860139860139862,0.8984265734265735,0.9930069930069932,0.8251748251748254,1.0,0.05545454545454542,0.029545160225512453,0.0454545454545454,0.0454545454545454,0.0303030303030303,0.0757575757575757,0.0151515151515151,0.11401515151515135,0.0,0.1363636363636363,0.0,0.0,0.0,0.0,0.0,0.0,0.0,0.0,0.0,0.0,0.0,0.0,0.0,0.0,0.0,0.0,0.0,0.0,0.0,0.0,0.5516666666666666,0.2749298451479694,0.5,0.3333333333333333,0.3333333333333333,0.6666666666666666,0.1666666666666666,1.0,0.0,1.5,0.0,0.0,0.0,0.0,0.0,0.0,0.0,0.0,0.0,0.0,-0.198736,0.1253557777453493,-0.2028,0.164,-0.2762,-0.1122,-0.46142,0.04047999999999956,-0.4936,0.1216,0.793808,0.06531216676296023,0.798,0.08720000000000006,0.7542,0.8413999999999999,0.66936,0.8995999999999998,0.5912,0.9376,-1.4263079999999997,0.8938807904928494,-1.40355,1.18425,-1.927375,-0.743125,-3.3622099999999997,0.2883749999999954,-3.6611,0.7193,7.110111999999999,0.8526165530419944,6.99225,1.1517749999999998,6.6072999999999995,7.759074999999999,5.51345,8.609865,4.7572,8.9316,0.49580399999999997,0.0327443970687191,0.4914,0.041000000000000036,0.4751,0.5161,0.43728999999999996,0.56187,0.4232,0.5904,0.0
Correlation Sensitivity,Wilcoxon-Copeland,100,0.69,0.4648231987117317,1.0,1.0,0.0,1.0,0.0,1.0,0.0,1.0,0.0,0.0,0.0,0.0,0.0,0.0,0.0,0.0,0.0,0.0,0.7390909090909089,0.04390164406484994,0.7575757575757575,0.030303030303030276,0.7272727272727272,0.7575757575757575,0.6363636363636362,0.8181818181818181,0.606060606060606,0.8181818181818181,0.8340559440559442,0.0326166968758117,0.8391608391608393,0.036713286713286775,0.8111888111888113,0.847902097902098,0.7655594405594407,0.8881118881118882,0.7552447552447553,0.9090909090909092,0.1304545454545454,0.021950822032424978,0.1212121212121212,0.015151515151515096,0.1212121212121212,0.1363636363636363,0.0909090909090909,0.1818181818181818,0.0909090909090909,0.1969696969696969,-0.465,0.6972347980675976,0.0,1.5,-1.5,0.0,-1.5,0.0,-1.5,0.0,0.71,0.4560480215720687,1.0,1.0,0.0,1.0,0.0,1.0,0.0,1.0,1.2583333333333333,0.16476184220402687,1.25,0.16666666666666652,1.1666666666666667,1.3333333333333333,1.0,1.5,0.8333333333333334,1.6666666666666667,0.31,0.4648231987117316,0.0,1.0,0.0,1.0,0.0,1.0,0.0,1.0,-0.198736,0.1253557777453493,-0.2028,0.164,-0.2762,-0.1122,-0.46142,0.04047999999999956,-0.4936,0.1216,0.793808,0.06531216676296023,0.798,0.08720000000000006,0.7542,0.8413999999999999,0.66936,0.8995999999999998,0.5912,0.9376,-1.4263079999999997,0.8938807904928494,-1.40355,1.18425,-1.927375,-0.743125,-3.3622099999999997,0.2883749999999954,-3.6611,0.7193,7.110111999999999,0.8526165530419944,6.99225,1.1517749999999998,6.6072999999999995,7.759074999999999,5.51345,8.609865,4.7572,8.9316,0.49580399999999997,0.0327443970687191,0.4914,0.041000000000000036,0.4751,0.5161,0.43728999999999996,0.56187,0.4232,0.5904,0.0
Effect Magnitude Sensitivity,Borda,200,0.395,0.49007742183963643,0.0,1.0,0.0,1.0,0.0,1.0,0.0,1.0,0.0,0.0,0.0,0.0,0.0,0.0,0.0,0.0,0.0,0.0,0.5596969696969696,0.09313601563787989,0.5757575757575757,0.15151515151515144,0.4848484848484848,0.6363636363636362,0.3636363636363636,0.7272727272727272,0.2727272727272727,0.7878787878787877,0.7337412587412588,0.0821430616901523,0.7412587412587414,0.11188811188811187,0.6853146853146854,0.7972027972027973,0.5662587412587413,0.8741258741258742,0.4265734265734266,0.9020979020979022,0.2201515151515151,0.04656800781893996,0.2121212121212121,0.07575757575757572,0.1818181818181818,0.2575757575757575,0.1363636363636363,0.3181818181818182,0.106060606060606,0.3636363636363636,-0.335,1.166007231676377,0.0,1.5,-1.5,0.0,-1.5,2.5,-1.5,2.5,0.445,0.4982128866278049,0.0,1.0,0.0,1.0,0.0,1.0,0.0,1.0,1.9091666666666667,0.3860339289555487,1.8333333333333333,0.4999999999999998,1.6666666666666667,2.1666666666666665,1.1666666666666667,2.6666666666666665,0.8333333333333334,2.8333333333333335,0.97,1.1023501618800557,1.0,1.0,0.0,1.0,0.0,4.0,0.0,5.0,-0.20686799999999997,0.10778021268876854,-0.2136,0.1592,-0.2888,-0.1296,-0.38886,0.012020000000000005,-0.5272,0.0672,0.7871680000000001,0.06228231861499941,0.7924,0.08079999999999998,0.7516,0.8324,0.66296,0.8881,0.5952,0.9304,-1.492659,0.7796024878837758,-1.52995,1.0875500000000002,-2.0496000000000003,-0.9620500000000001,-2.812325,0.0073675000000000615,-3.9732,0.4163,7.068814,0.74573912349127,7.06415,1.0352750000000004,6.5691,7.604375,5.4683925,8.5764075,5.0588,9.2107,0.43871399999999994,0.07280241729378974,0.4276,0.13629999999999998,0.37060000000000004,0.5069,0.32678999999999997,0.5594800000000001,0.3128,0.5936,0.0
Effect Magnitude Sensitivity,HERA,200,1.0,0.0,1.0,0.0,1.0,1.0,1.0,1.0,1.0,1.0,0.31,0.4636538303215657,0.0,1.0,0.0,1.0,0.0,1.0,0.0,1.0,0.9475757575757574,0.04905162106341327,0.9696969696969696,0.09090909090909083,0.909090909090909,0.9999999999999998,0.8484848484848484,0.9999999999999998,0.8181818181818181,0.9999999999999998,0.9815734265734267,0.020223690340211816,0.9930069930069932,0.034965034965035,0.965034965034965,1.0,0.9370629370629372,1.0,0.9230769230769232,1.0,0.026212121212121183,0.024525810531706643,0.0151515151515151,0.0454545454545454,0.0,0.0454545454545454,0.0,0.0757575757575757,0.0,0.0909090909090909,0.0,0.0,0.0,0.0,0.0,0.0,0.0,0.0,0.0,0.0,0.0,0.0,0.0,0.0,0.0,0.0,0.0,0.0,0.0,0.0,0.265,0.2410833079297847,0.1666666666666666,0.5,0.0,0.5,0.0,0.8333333333333334,0.0,0.8333333333333334,0.0,0.0,0.0,0.0,0.0,0.0,0.0,0.0,0.0,0.0,-0.20686799999999997,0.10778021268876854,-0.2136,0.1592,-0.2888,-0.1296,-0.38886,0.012020000000000005,-0.5272,0.0672,0.7871680000000001,0.06228231861499941,0.7924,0.08079999999999998,0.7516,0.8324,0.66296,0.8881,0.5952,0.9304,-1.492659,0.7796024878837758,-1.52995,1.0875500000000002,-2.0496000000000003,-0.9620500000000001,-2.812325,0.0073675000000000615,-3.9732,0.4163,7.068814,0.74573912349127,7.06415,1.0352750000000004,6.5691,7.604375,5.4683925,8.5764075,5.0588,9.2107,0.43871399999999994,0.07280241729378974,0.4276,0.13629999999999998,0.37060000000000004,0.5069,0.32678999999999997,0.5594800000000001,0.3128,0.5936,0.0
Effect Magnitude Sensitivity,TOPSIS,200,1.0,0.0,1.0,0.0,1.0,1.0,1.0,1.0,1.0,1.0,0.035,0.18424093903932007,0.0,0.0,0.0,0.0,0.0,1.0,0.0,1.0,0.9153030303030302,0.043421622349324264,0.909090909090909,0.06060606060606055,0.8787878787878787,0.9393939393939392,0.8181818181818181,0.9999999999999998,0.7272727272727272,0.9999999999999998,0.9727272727272728,0.020197214059221168,0.9790209790209792,0.020979020979021157,0.965034965034965,0.9860139860139862,0.9229020979020981,1.0,0.8251748251748254,1.0,0.04234848484848481,0.021710811174662135,0.0454545454545454,0.0303030303030303,0.0303030303030303,0.0606060606060606,0.0,0.0909090909090909,0.0,0.1363636363636363,0.0,0.0,0.0,0.0,0.0,0.0,0.0,0.0,0.0,0.0,0.0,0.0,0.0,0.0,0.0,0.0,0.0,0.0,0.0,0.0,0.4358333333333333,0.20712968880478305,0.5,0.16666666666666669,0.3333333333333333,0.5,0.0,0.8333333333333334,0.0,1.3333333333333333,0.0,0.0,0.0,0.0,0.0,0.0,0.0,0.0,0.0,0.0,-0.20686799999999997,0.10778021268876854,-0.2136,0.1592,-0.2888,-0.1296,-0.38886,0.012020000000000005,-0.5272,0.0672,0.7871680000000001,0.06228231861499941,0.7924,0.08079999999999998,0.7516,0.8324,0.66296,0.8881,0.5952,0.9304,-1.492659,0.7796024878837758,-1.52995,1.0875500000000002,-2.0496000000000003,-0.9620500000000001,-2.812325,0.0073675000000000615,-3.9732,0.4163,7.068814,0.74573912349127,7.06415,1.0352750000000004,6.5691,7.604375,5.4683925,8.5764075,5.0588,9.2107,0.43871399999999994,0.07280241729378974,0.4276,0.13629999999999998,0.37060000000000004,0.5069,0.32678999999999997,0.5594800000000001,0.3128,0.5936,0.0
Effect Magnitude Sensitivity,Wilcoxon-Copeland,200,0.68,0.46764673348231933,1.0,1.0,0.0,1.0,0.0,1.0,0.0,1.0,0.0,0.0,0.0,0.0,0.0,0.0,0.0,0.0,0.0,0.0,0.7403030303030304,0.044076884075313336,0.7575757575757575,0.030303030303030276,0.7272727272727272,0.7575757575757575,0.6363636363636362,0.8181818181818181,0.5757575757575757,0.8484848484848484,0.8334965034965036,0.036023546096566536,0.8391608391608393,0.04895104895104896,0.8111888111888113,0.8601398601398602,0.7622377622377624,0.8882867132867135,0.7062937062937064,0.9090909090909092,0.12984848484848477,0.022038442037656678,0.1212121212121212,0.015151515151515096,0.1212121212121212,0.1363636363636363,0.0909090909090909,0.1818181818181818,0.0757575757575757,0.2121212121212121,-0.4425,0.7127297302215677,0.0,1.5,-1.5,0.0,-1.5,0.0,-1.5,1.0,0.705,0.45718716134917065,1.0,1.0,0.0,1.0,0.0,1.0,0.0,1.0,1.2675,0.17595357174025159,1.25,0.16666666666666652,1.1666666666666667,1.3333333333333333,1.0,1.6666666666666667,0.8333333333333334,1.8333333333333333,0.35,0.5648853665894831,0.0,1.0,0.0,1.0,0.0,1.0,0.0,3.0,-0.20686799999999997,0.10778021268876854,-0.2136,0.1592,-0.2888,-0.1296,-0.38886,0.012020000000000005,-0.5272,0.0672,0.7871680000000001,0.06228231861499941,0.7924,0.08079999999999998,0.7516,0.8324,0.66296,0.8881,0.5952,0.9304,-1.492659,0.7796024878837758,-1.52995,1.0875500000000002,-2.0496000000000003,-0.9620500000000001,-2.812325,0.0073675000000000615,-3.9732,0.4163,7.068814,0.74573912349127,7.06415,1.0352750000000004,6.5691,7.604375,5.4683925,8.5764075,5.0588,9.2107,0.43871399999999994,0.07280241729378974,0.4276,0.13629999999999998,0.37060000000000004,0.5069,0.32678999999999997,0.5594800000000001,0.3128,0.5936,0.0
Sample Size Sensitivity,Borda,600,0.445,0.4973804501455382,0.0,1.0,0.0,1.0,0.0,1.0,0.0,1.0,0.0,0.0,0.0,0.0,0.0,0.0,0.0,0.0,0.0,0.0,0.5694854034854034,0.0999775620680813,0.5680985680985681,0.1333333333333333,0.5111111111111111,0.6444444444444444,0.3636363636363636,0.7575757575757575,0.2727272727272727,0.8222222222222221,0.7392277722277721,0.08647751234750309,0.7454545454545454,0.11888111888111885,0.6853146853146854,0.8041958041958043,0.5514085914085914,0.8787878787878788,0.3916083916083916,0.9393939393939392,0.21525729825729822,0.04998878103404066,0.2159507159507159,0.06666666666666671,0.1777777777777777,0.2444444444444444,0.1212121212121212,0.3181818181818182,0.0888888888888888,0.3636363636363636,-0.3625,1.0555570810013482,0.0,1.5,-1.5,0.0,-1.5,2.5,-1.5,2.5,0.42833333333333334,0.4952501152784936,0.0,1.0,0.0,1.0,0.0,1.0,0.0,1.0,1.8919920634920633,0.5144505790198214,1.8333333333333333,0.7857142857142856,1.5,2.2857142857142856,1.0,2.857142857142857,0.8,3.2857142857142856,0.8683333333333333,1.0405776722774196,1.0,1.0,0.0,1.0,0.0,3.0,0.0,5.0,-0.21807666666666667,0.1274460985499945,-0.21910000000000002,0.14455000000000007,-0.2929,-0.14834999999999998,-0.45927999999999997,0.0624,-0.7568,0.2384,0.78799,0.0738178855950431,0.7922,0.07709999999999995,0.7534500000000001,0.83055,0.6128,0.92328,0.3696,0.9968,-1.5629606666666667,0.9059736098193132,-1.5481500000000001,0.9638249999999999,-2.04955,-1.085725,-3.4213575,0.21194749999999912,-5.712,1.612,7.048899166666667,0.9630903171462895,7.0199,1.009450000000001,6.552375,7.561825000000001,5.0144150000000005,9.1490575,3.0743,10.9696,0.489344,0.04310348223714971,0.488,0.05619999999999992,0.460725,0.5169250000000001,0.408,0.5728599999999999,0.3696,0.656,0.0
Sample Size Sensitivity,HERA,600,0.985,0.1216538783195326,1.0,0.0,1.0,1.0,1.0,1.0,0.0,1.0,0.3883333333333333,0.487777716509711,0.0,1.0,0.0,1.0,0.0,1.0,0.0,1.0,0.9554344174344175,0.05217285575631309,0.9696969696969696,0.08791208791208782,0.9120879120879122,1.0,0.8241758241758242,1.0,0.6263736263736264,1.0,0.9853287823287824,0.023183620644209358,0.9930069930069932,0.020979020979020824,0.9790209790209792,1.0,0.9272727272727272,1.0,0.7098901098901099,1.0,0.022282791282791255,0.026086427878156536,0.0151515151515151,0.0439560439560439,0.0,0.0439560439560439,0.0,0.0879120879120879,0.0,0.1868131868131868,-0.0225,0.18248081747929887,0.0,0.0,0.0,0.0,0.0,0.0,-1.5,0.0,0.0,0.0,0.0,0.0,0.0,0.0,0.0,0.0,0.0,0.0,0.2346904761904762,0.2627638970488787,0.1666666666666666,0.4,0.0,0.4,0.0,0.8571428571428571,0.0,1.4285714285714286,0.015,0.12165387831953259,0.0,0.0,0.0,0.0,0.0,0.0,0.0,1.0,-0.21807666666666667,0.1274460985499945,-0.21910000000000002,0.14455000000000007,-0.2929,-0.14834999999999998,-0.45927999999999997,0.0624,-0.7568,0.2384,0.78799,0.0738178855950431,0.7922,0.07709999999999995,0.7534500000000001,0.83055,0.6128,0.92328,0.3696,0.9968,-1.5629606666666667,0.9059736098193132,-1.5481500000000001,0.9638249999999999,-2.04955,-1.085725,-3.4213575,0.21194749999999912,-5.712,1.612,7.048899166666667,0.9630903171462895,7.0199,1.009450000000001,6.552375,7.561825000000001,5.0144150000000005,9.1490575,3.0743,10.9696,0.489344,0.04310348223714971,0.488,0.05619999999999992,0.460725,0.5169250000000001,0.408,0.5728599999999999,0.3696,0.656,0.0
Sample Size Sensitivity,TOPSIS,600,1.0,0.0,1.0,0.0,1.0,1.0,1.0,1.0,1.0,1.0,0.14666666666666667,0.35406849109015665,0.0,0.0,0.0,0.0,0.0,1.0,0.0,1.0,0.9184135124135125,0.06484390184717821,0.934065934065934,0.07725607725607753,0.8787878787878787,0.9560439560439562,0.7582417582417583,1.0,0.6888888888888888,1.0,0.9712265512265513,0.030866992674663245,0.9824175824175824,0.030769230769230438,0.9604395604395608,0.9912087912087912,0.8813136863136863,1.0,0.8060606060606059,1.0,0.04079324379324376,0.03242195092358911,0.0329670329670329,0.0386280386280387,0.0219780219780219,0.0606060606060606,0.0,0.1208791208791208,0.0,0.1555555555555555,0.0,0.0,0.0,0.0,0.0,0.0,0.0,0.0,0.0,0.0,0.0,0.0,0.0,0.0,0.0,0.0,0.0,0.0,0.0,0.0,0.4235555555555555,0.3303665855420684,0.4,0.39999999999999997,0.2,0.6,0.0,1.2,0.0,1.5714285714285714,0.0,0.0,0.0,0.0,0.0,0.0,0.0,0.0,0.0,0.0,-0.21807666666666667,0.1274460985499945,-0.21910000000000002,0.14455000000000007,-0.2929,-0.14834999999999998,-0.45927999999999997,0.0624,-0.7568,0.2384,0.78799,0.0738178855950431,0.7922,0.07709999999999995,0.7534500000000001,0.83055,0.6128,0.92328,0.3696,0.9968,-1.5629606666666667,0.9059736098193132,-1.5481500000000001,0.9638249999999999,-2.04955,-1.085725,-3.4213575,0.21194749999999912,-5.712,1.612,7.048899166666667,0.9630903171462895,7.0199,1.009450000000001,6.552375,7.561825000000001,5.0144150000000005,9.1490575,3.0743,10.9696,0.489344,0.04310348223714971,0.488,0.05619999999999992,0.460725,0.5169250000000001,0.408,0.5728599999999999,0.3696,0.656,0.0
Sample Size Sensitivity,Wilcoxon-Copeland,600,0.5716666666666667,0.4952501152784936,1.0,1.0,0.0,1.0,0.0,1.0,0.0,1.0,0.0,0.0,0.0,0.0,0.0,0.0,0.0,0.0,0.0,0.0,0.739032597032597,0.04779107566105649,0.7347985347985349,0.08080808080808077,0.6969696969696969,0.7777777777777777,0.6444444444444444,0.8222222222222221,0.5164835164835165,0.8461538461538461,0.8350845820845821,0.039406528500094365,0.832967032967033,0.06060606060606055,0.8060606060606059,0.8666666666666665,0.7552447552447553,0.9090909090909092,0.6615384615384616,0.9151515151515152,0.13048370148370145,0.02389553783052825,0.13260073260073255,0.04040404040404039,0.1111111111111111,0.1515151515151515,0.0888888888888888,0.1777777777777777,0.0769230769230769,0.2417582417582417,-0.5758333333333333,0.7744884501966673,0.0,1.5,-1.5,0.0,-1.5,1.0,-1.5,1.0,0.6383333333333333,0.4808838782868646,1.0,1.0,0.0,1.0,0.0,1.0,0.0,1.0,1.2725714285714285,0.2121605798561093,1.2857142857142858,0.23333333333333317,1.1666666666666667,1.4,0.9950000000000003,1.7142857142857142,0.8,2.2857142857142856,0.4816666666666667,0.6405839538202954,0.0,1.0,0.0,1.0,0.0,3.0,0.0,3.0,-0.21807666666666667,0.1274460985499945,-0.21910000000000002,0.14455000000000007,-0.2929,-0.14834999999999998,-0.45927999999999997,0.0624,-0.7568,0.2384,0.78799,0.0738178855950431,0.7922,0.07709999999999995,0.7534500000000001,0.83055,0.6128,0.92328,0.3696,0.9968,-1.5629606666666667,0.9059736098193132,-1.5481500000000001,0.9638249999999999,-2.04955,-1.085725,-3.4213575,0.21194749999999912,-5.712,1.612,7.048899166666667,0.9630903171462895,7.0199,1.009450000000001,6.552375,7.561825000000001,5.0144150000000005,9.1490575,3.0743,10.9696,0.489344,0.04310348223714971,0.488,0.05619999999999992,0.460725,0.5169250000000001,0.408,0.5728599999999999,0.3696,0.656,0.0
